"奉行コード","EMCloudフィールドコード","EMCloudフィールド名","奉行項目名","項目区分","項目群","連携元アプリ[給与管理]","連携元アプリ[手続管理]","連携元アプリ[採用管理]","連携元アプリ[雇用手続]","連携元アプリ[雇用手続①]","連携元アプリ[雇用手続②]","連携元アプリ[雇用手続③]","連携元アプリ[雇用手続④]","連携元アプリ[賞与管理]","項目変換[対象]","該当申請[基本情報]","該当申請[家族情報]","該当申請[通勤情報]","該当申請[口座情報]","該当申請[住所変更]","該当申請[休職（その他）]","該当申請[休職（産休育休）]","該当申請[休職（育休）]","該当申請[復職]","該当申請[退職]","該当申請[入社手続]","該当申請[給与改定]","該当申請[入社]","該当申請[契約更改]","該当申請[その他]","該当申請[人事部入力]"
"","Table_スキル","Table_スキル","","","",,,,,,,,,,,,,,,,,,,,,,,,,,
"","Table_免許","Table_免許","","","",,,,,,,,,,,,,,,,,,,,,,,,,,
"","Table_資格","Table_資格","","","",,,,,,,,,,,,,,,,,,,,,,,,,,
"","Table_職歴","Table_職歴","","","",,,,,,,,,,,,,,,,,,,,,,,,,,
"","振込先支店名_賞振2","振込先支店名（賞振2）","","","",,,,,,,"1",,,,,,,"1",,,,,,,,,,,,
"","振込先支店名_賞振1","振込先支店名（賞振1）","","","",,,,,,,"1",,,,,,,"1",,,,,,,,,,,,
"","振込先支店名_給振2","振込先支店名（給振2）","","","",,,,,,,"1",,,,,,,"1",,,,,,,,,,,,
"","振込先支店名_給振1","振込先支店名（給振1）","","","",,,,,,,"1",,,,,,,"1",,,,,,,,,,,,
"","振込先銀行名_賞振2","振込先銀行名（賞振2）","","","",,,,,,,"1",,,,,,,"1",,,,,,,,,,,,
"","振込先銀行名_賞振1","振込先銀行名（賞振1）","","","",,,,,,,"1",,,,,,,"1",,,,,,,,,,,,
"","振込先銀行名_給振2","振込先銀行名（給振2）","","","",,,,,,,"1",,,,,,,"1",,,,,,,,,,,,
"","振込先銀行名_給振1","振込先銀行名（給振1）","","","",,,,,,,"1",,,,,,,"1",,,,,,,,,,,,
"","年齢","年齢","","","",,,"1",,,,"1",,,,,,,,,,,,,,,,,,,
"","変更日","変更日","","","",,,,,,,,,,,"1","1","1","1","1","1","1","1","1","1",,,,,,
"","申請区分","申請区分","","","",,,,,,,,,,,"1","1","1","1","1","1","1","1","1","1",,"1","1","1","1",
"","育休添付書類","育休添付書類","","","",,,,,,,,,,,,,,,,,,,,,,,,,,
"","産前産後添付書類","産前産後添付書類","","","",,,,,,,,,,,,,,,,,,,,,,,,,,
"","延長理由","延長理由","","","",,,,,,,,,,,,,,,,,,,,,,,,,,
"","子_続柄","続柄","","","",,,,,,,,,,,,,,,,,,,,,,,,,,
"","子_生年月日","生年月日","","","",,,,,,,,,,,,,,,,,,,,,,,,,,
"","子の氏名","子の氏名","","","",,,,,,,,,,,,,,,,,,,,,,,,,,
"","出産日","出産日","","","",,,,,,,,,,,,,,,,,,,,,,,,,,
"","出産予定日","出産予定日","","","",,,,,,,,,,,,,,,,,,,,,,,,,,
"","その他規定","その他規定","","","",,,"1",,,,,,,,,,,,,,,,,,,,,,,
"","退職規定","退職規定","","","",,,"1",,,,,,,,,,,,,,,,,,,,,,,
"","その他賃金規定","その他賃金規定","","","",,,"1",,,,,,,,,,,,,,,,,,,,,,,
"","所定外補足","所定外補足","","","",,,"1",,,,,,,,,,,,,,,,,,,,,,,
"","長期契約見込","長期契約見込","","","",,,,,,,,,,,,,,,,,,,,,,,,,,
"","契約満了日","契約満了日","","","",,,"1",,,,,,,,,,,,,,,,,,,,,,,
"","契約開始日","契約開始日","","","",,,"1",,,,,,,,,,,,,,,,,,,,,,,
"","休日","休日","","","",,,"1",,,,,,,,,,,,,,,,,,,,,,,
"","所定時間外労働有無","所定時間外労働有無","","","",,,,,,,,,,,,,,,,,,,,,,,,,,
"","労働時間","労働時間","","","",,,"1",,,,,,,,,,,,,,,,,,,,,,,
"","休憩時間","休憩時間","","","",,,"1",,,,,,,,,,,,,,,,,,,,,,,
"","業務内容","業務内容","","","",,,"1",,,,,,,,,,,,,,,,,,,,,,,
"","勤務区分","勤務区分","","","",,,"1",,,,,,,,,,,,,,,,,,,,,,,
"","役職","役職","","","",,,"1",,,,,,,,,,,,,,,,,,"1",,,,,"1"
"HM3020807","就業場所","就業場所","","","",,,,,,,,,,"1",,,,,,,,,,,,,,,,
"","契約区分","契約区分","","","",,,"1",,,,,,,,,,,,,,,,,,,,,,,
"","職務経歴書","職務経歴書","","","",,,,,,,,,,,,,,,,,,,,,,,,,,
"","辞退_取消理由","辞退_取消理由","","","",,,,,,,,,,,,,,,,,,,,,,,,,,
"","辞退_取消年月日","辞退_取消年月日","","","",,,,,,,,,,,,,,,,,,,,,,,,,,
"","辞退_取消確定","辞退_取消","","","",,,,,,,,,,,,,,,,,,,,,,,,,,
"","辞退_取消_タスク","辞退_取消タスク","","","",,,,,,,,,,,,,,,,,,,,,,,,,,
"","FAX番号","FAX番号","","","",,,"1",,,,,,,,,,,,,,,,,,,,,,,
"","履歴書","履歴書","","","",,,,,,,,,,,,,,,,,,,,,,,,,,
"","人事_雇用区分","雇用区分","","","",,,,,,,,,,,,,,,,,,,,,,,,,,
"","休職終了予定日2","休職終了予定日（2回目）","","","",,,,,,,,,,,,,,,,,,,,,,,,,,
"","休職開始年月日2","休職開始年月日（2回目）","","","",,,,,,,,,,,,,,,,,,,,,,,,,,
"","賞与口座有無","給与口座が賞与口座と同じ","","","",,,,,,,,,,,,,,,,,,,,,,,,,,
"","緊急連絡先住所カナ","緊急連絡先住所カナ","","","",,,,,,,,"1",,,"1",,,,,,,,,,,,,,,
"","緊急連絡先住所","緊急連絡先住所","","","",,,,,,,,"1",,,"1",,,,,,,,,,,,,,,
"","緊急連絡先住所_建物名_カナ","緊急連絡先住所･マンション／ビル等（カナ）","","","",,,,,,,,"1",,,"1",,,,,,,,,,,,,,,
"","緊急連絡先住所_市区町村_カナ","緊急連絡先住所・市区町村（カナ）","","","",,,,,,,,"1",,,"1",,,,,,,,,,,,,,,
"","緊急連絡先住所_都道府県_カナ","緊急連絡先住所・都道府県（カナ）","","","",,,,,,,,"1",,,"1",,,,,,,,,,,,,,,
"","緊急連絡先住所_建物名","緊急連絡先住所・マンション/ビル等","","","",,,,,,,,"1",,,"1",,,,,,,,,,,,,,,
"","緊急連絡先住所_番地","緊急連絡先住所・番地","","","",,,,,,,,"1",,,"1",,,,,,,,,,,,,,,
"","緊急連絡先住所_市区町村","緊急連絡先住所・市区町村","","","",,,,,,,,"1",,,"1",,,,,,,,,,,,,,,
"","緊急連絡先住所_都道府県","緊急連絡先住所・都道府県","","","",,,,,,,,"1",,,"1",,,,,,,,,,,,,,,
"","緊急連絡先住所_郵便番号","緊急連絡先住所・郵便番号","","","",,,,,,,,"1",,,"1",,,,,,,,,,,,,,,
"","緊急連絡先住所_電話番号","緊急連絡先・電話番号","","","",,,,,,,,"1",,,"1",,,,,,,,,,,,,,,
"","現住所カナ","現住所カナ","","","",,,"1",,,,,"1",,,,,,,"1",,,,,,,,,,,
"","現住所","現住所","","","",,,"1",,,,,"1",,,,,,,"1",,,,,,,,,,,
"","現住所_建物名_カナ","現住所･マンション／ビル等（カナ）","","","",,,"1",,,,,"1",,,,,,,"1",,,,,,,,,,,
"","現住所_市区町村_カナ","現住所・市区町村（カナ）","","","",,,"1",,,,,"1",,,,,,,"1",,,,,,,,,,,
"","現住所_都道府県_カナ","現住所・都道府県（カナ）","","","",,,"1",,,,,"1",,,,,,,"1",,,,,,,,,,,
"","現住所_建物名","現住所・マンション/ビル等","","","",,,"1",,,,,"1",,,,,,,"1",,,,,,,,,,,
"","現住所_番地","現住所・番地","","","",,,"1",,,,,"1",,,,,,,"1",,,,,,,,,,,
"","現住所_市区町村","現住所・市区町村","","","",,,"1",,,,,"1",,,,,,,"1",,,,,,,,,,,
"","現住所_都道府県","現住所・都道府県","","","",,,"1",,,,,"1",,,,,,,"1",,,,,,,,,,,
"","現住所_郵便番号","現住所・郵便番号","","","",,,"1",,,,,"1",,,,,,,"1",,,,,,,,,,,
"","メールアドレス2","メールアドレス2","","","",,,"1",,,,"1",,,,"1",,,,,,,,,,,,,,,
"","メールアドレス1","メールアドレス1","","","",,"1","1",,,,"1",,,,"1",,,,,,,,,,,,,,,
"","変更後_氏名_フリガナ","変更後氏名（フリガナ）","","","",,,,,,,,,,,,,,,,,,,,,,,,,,
"","変更後_氏名","変更後氏名","","","",,,,,,,,,,,,,,,,,,,,,,,,,,
"","通勤手段","通勤手段","","","",,,,,,"1",,"1",,,,,"1",,,,,,,,,,,,,
"","就業場所","就業場所","","","",,,"1","1",,,,,,,,,,,,,,,,,"1",,,,,"1"
"","給与合計","給与合計","","","",,,,,,,,,,,,,,,,,,,,,,,,,,
"","その他の休暇無給","その他の休暇（無給）","","","",,,"1","1",,,,,,,,,,,,,,,,,,,,,,
"","その他の休暇有給","その他の休暇（有給）","","","",,,"1","1",,,,,,,,,,,,,,,,,,,,,,
"","年次有給休暇","年次有給休暇","","","",,,"1","1",,,,,,,,,,,,,,,,,,,,,,
"","休憩時間終","休憩時間（終）","","","",,,"1","1",,,,,,,,,,,,,,,,,,,,,,
"","休憩時間始","休憩時間（始）","","","",,,"1","1",,,,,,,,,,,,,,,,,,,,,,
"","終業時間","終業時間","","","",,,"1","1",,,,,,,,,,,,,,,,,,,,,,
"","始業時間","始業時間","","","",,,"1","1",,,,,,,,,,,,,,,,,,,,,,
"","氏名_フリガナ","氏名（フリガナ）","","","","1","1","1","1",,,,,"1","1","1","1","1","1","1","1","1","1","1","1",,"1","1","1","1",
"","実行日","実行日","","","","1","1",,"1",,,,,,,"1","1","1","1","1","1",,,"1","1",,"1","1","1","1",
"","休職事由","休職事由","","","",,"1",,,,,,,,,,,,"1",,,,,,,,,,,,
"","休職終了年月日","休職終了年月日","","","",,"1",,,,,,,,,,,,"1",,,,,,,,,,,,
"","休職終了予定日","休職終了予定日","","","",,"1",,,,,,,,,,,,"1",,,,,,,,,,,,
"","休職開始年月日","休職開始年月日","","","",,"1",,,,,,,,,,,,"1",,,,,,,,,,,,
"","口座名義_賞振2","口座名義（賞振２）","","","",,"1",,,,,"1",,,,,,,"1",,,,,,,,,,,,
"","フリガナ_賞振2","フリガナ（賞振２）","","","",,"1",,,,,"1",,,,,,,"1",,,,,,,,,,,,
"","口座番号_賞振2","口座番号（賞振２）","","","",,"1",,,,,"1",,,,,,,"1",,,,,,,,,,,,
"","預金種目_賞振2","預金種目（賞振２）","","","",,"1",,,,,"1",,,,,,,"1",,,,,,,,,,,,
"","振込先支店_賞振2","振込先支店コード（賞振２）","","","",,"1",,,,,"1",,,,,,,"1",,,,,,,,,,,,
"","振込先銀行_賞振2","振込先銀行コード（賞振２）","","","",,"1",,,,,"1",,,,,,,"1",,,,,,,,,,,,
"","支給率_賞振2","支給率（賞振２）","","","",,"1",,,,,"1",,,,,,,"1",,,,,,,,,,,,
"","固定金額_賞振2","固定金額（賞振２）","","","",,"1",,,,,"1",,,,,,,"1",,,,,,,,,,,,
"","支給区分_賞振2","支給区分（賞振２）","","","",,"1",,,,,"1",,,,,,,"1",,,,,,,,,,,,
"","口座名義_賞振1","口座名義（賞振１）","","","",,"1",,,,,"1",,,,,,,"1",,,,,,,,,,,,
"","フリガナ_賞振1","フリガナ（賞振１）","","","",,"1",,,,,"1",,,,,,,"1",,,,,,,,,,,,
"","口座番号_賞振1","口座番号（賞振１）","","","",,"1",,,,,"1",,,,,,,"1",,,,,,,,,,,,
"","預金種目_賞振1","預金種目（賞振１）","","","",,"1",,,,,"1",,,,,,,"1",,,,,,,,,,,,
"","振込先支店_賞振1","振込先支店コード（賞振１）","","","",,"1",,,,,"1",,,,,,,"1",,,,,,,,,,,,
"","振込先銀行_賞振1","振込先銀行コード（賞振１）","","","",,"1",,,,,"1",,,,,,,"1",,,,,,,,,,,,
"","支給率_賞振1","支給率（賞振１）","","","",,"1",,,,,"1",,,,,,,"1",,,,,,,,,,,,
"","固定金額_賞振1","固定金額（賞振１）","","","",,"1",,,,,"1",,,,,,,"1",,,,,,,,,,,,
"","支給区分_賞振1","支給区分（賞振１）","","","",,"1",,,,,"1",,,,,,,"1",,,,,,,,,,,,
"","口座名義_給振2","口座名義（給振２）","","","",,"1",,,,,"1",,,,,,,"1",,,,,,,,,,,,
"","フリガナ_給振2","フリガナ（給振２）","","","",,"1",,,,,"1",,,,,,,"1",,,,,,,,,,,,
"","口座番号_給振2","口座番号（給振２）","","","",,"1",,,,,"1",,,,,,,"1",,,,,,,,,,,,
"","預金種目_給振2","預金種目（給振２）","","","",,"1",,,,,"1",,,,,,,"1",,,,,,,,,,,,
"","振込先支店_給振2","振込先支店コード（給振２）","","","",,"1",,,,,"1",,,,,,,"1",,,,,,,,,,,,
"","振込先銀行_給振2","振込先銀行コード（給振２）","","","",,"1",,,,,"1",,,,,,,"1",,,,,,,,,,,,
"","支給率_給振2","支給率（給振２）","","","",,"1",,,,,"1",,,,,,,"1",,,,,,,,,,,,
"","固定金額_給振2","固定金額（給振２）","","","",,"1",,,,,"1",,,,,,,"1",,,,,,,,,,,,
"","支給区分_給振2","支給区分（給振２）","","","",,"1",,,,,"1",,,,,,,"1",,,,,,,,,,,,
"","口座名義_給振1","口座名義（給振１）","","","",,"1",,,,,"1",,,,,,,"1",,,,,,,,,,,,
"","フリガナ_給振1","フリガナ（給振１）","","","",,"1",,,,,"1",,,,,,,"1",,,,,,,,,,,,
"","口座番号_給振1","口座番号（給振１）","","","",,"1",,,,,"1",,,,,,,"1",,,,,,,,,,,,
"","預金種目_給振1","預金種目（給振１）","","","",,"1",,,,,"1",,,,,,,"1",,,,,,,,,,,,
"","振込先支店_給振1","振込先支店コード（給振１）","","","",,"1",,,,,"1",,,,,,,"1",,,,,,,,,,,,
"","振込先銀行_給振1","振込先銀行コード（給振１）","","","",,"1",,,,,"1",,,,,,,"1",,,,,,,,,,,,
"","支給率_給振1","支給率（給振１）","","","",,"1",,,,,"1",,,,,,,"1",,,,,,,,,,,,
"","固定金額_給振1","固定金額（給振１）","","","",,"1",,,,,"1",,,,,,,"1",,,,,,,,,,,,
"","支給区分_給振1","支給区分（給振１）","","","",,"1",,,,,"1",,,,,,,"1",,,,,,,,,,,,
"","片道距離","片道距離","","","",,"1",,,,"1",,"1",,,,,"1",,,,,,,,,,,,,
"","支給額2","支給額２","","","",,"1",,,,"1",,"1",,,,,"1",,,,,,,,,,,,,
"","支給開始月2","支給開始月２","","","",,"1",,,,"1",,"1",,,,,"1",,,,,,,,,,,,,
"","支給方法2","支給方法２","","","",,"1",,,,"1",,"1",,,,,"1",,,,,,,,,,,,,
"","支給間隔2","支給間隔２","","","",,"1",,,,"1",,"1",,,,,"1",,,,,,,,,,,,,
"","支給額1","支給額１","","","",,"1",,,,"1",,"1",,,,,"1",,,,,,,,,,,,,
"","支給開始月1","支給開始月１","","","",,"1",,,,"1",,"1",,,,,"1",,,,,,,,,,,,,
"","支給方法1","支給方法１","","","",,"1",,,,"1",,"1",,,,,"1",,,,,,,,,,,,,
"","支給間隔1","支給間隔１","","","",,"1",,,,"1",,"1",,,,,"1",,,,,,,,,,,,,
"","_5月分","５月分","","","","1",,,"1",,,,,,,,,,,,,,,,,,,,,,
"","_4月分","４月分","","","","1",,,"1",,,,,,,,,,,,,,,,,,,,,,
"","_3月分","３月分","","","","1",,,"1",,,,,,,,,,,,,,,,,,,,,,
"","_2月分","２月分","","","","1",,,"1",,,,,,,,,,,,,,,,,,,,,,
"","_1月分","１月分","","","","1",,,"1",,,,,,,,,,,,,,,,,,,,,,
"","_12月分","１２月分","","","","1",,,"1",,,,,,,,,,,,,,,,,,,,,,
"","_11月分","１１月分","","","","1",,,"1",,,,,,,,,,,,,,,,,,,,,,
"","_10月分","１０月分","","","","1",,,"1",,,,,,,,,,,,,,,,,,,,,,
"","_9月分","９月分","","","","1",,,"1",,,,,,,,,,,,,,,,,,,,,,
"","_8月分","８月分","","","","1",,,"1",,,,,,,,,,,,,,,,,,,,,,
"","_7月分","７月分","","","","1",,,"1",,,,,,,,,,,,,,,,,,,,,,
"","_6月分","６月分","","","","1",,,"1",,,,,,,,,,,,,,,,,,,,,,
"","年税額","年税額","","","","1",,,"1",,,,,,,,,,,,,,,,,,,,,,
"","住民税徴収方法","住民税徴収方法","","","","1",,,"1",,,,,,,,,,,,,,,,,,,,,,
"","提出先市町村","提出先市町村","","","","1",,,"1",,,,,,,,,,,,,,,,,,,,,,
"","納付先市町村","納付先市町村","","","","1",,,"1",,,,,,,,,,,,,,,,,,,,,,
"","資格喪失年月日_雇保","資格喪失年月日（雇保）","","","",,"1",,"1",,,,,,,,,,,,,,,,,"1",,,,,"1"
"","資格取得年月日_雇保","資格取得年月日（雇保）","","","",,"1",,"1",,,,,,,,,,,,,,,,,"1",,,,,"1"
"","雇用保険番号","雇用保険番号","","","",,"1",,"1",,,,,,,,,,,,,,,,,"1",,,,,"1"
"","雇用保険区分","雇用保険区分","","","",,"1",,"1",,,,,,,,,,,,,,,,,"1",,,,,"1"
"","労災保険区分","労災保険区分","","","",,"1",,"1",,,,,,,,,,,,,,,,,"1",,,,,"1"
"","従業員区分","従業員区分","","","",,"1",,"1",,,,,,,,,,,,,,,,,"1",,,,,"1"
"","厚年標準報酬","厚年標準報酬","","","",,"1",,"1",,,,,,,,,,,,,,,,,"1",,,,,"1"
"","資格喪失年月日_厚年","資格喪失年月日（厚年）","","","",,"1",,"1",,,,,,,,,,,,,,,,,"1",,,,,"1"
"","資格取得年月日_厚年","資格取得年月日（厚年）","","","",,"1",,"1",,,,,,,,,,,,,,,,,"1",,,,,"1"
"","健保標準報酬","健保標準報酬","","","",,"1",,"1",,,,,,,,,,,,,,,,,"1",,,,,"1"
"","資格喪失年月日_健保","資格喪失年月日（健保）","","","",,"1",,"1",,,,,,,,,,,,,,,,,"1",,,,,"1"
"","資格取得年月日_健保","資格取得年月日（健保）","","","",,"1",,"1",,,,,,,,,,,,,,,,,"1",,,,,"1"
"","社保加入区分","社保加入区分","","","",,"1",,"1",,,,,,,,,,,,,,,,,"1",,,,,"1"
"","基礎年金番号","基礎年金番号","","","",,"1",,"1",,,,,,,,,,,,,,,,,"1",,,,,"1"
"","居住者区分","居住者区分","","","",,"1",,,,,"1","1",,,"1",,,,,,,,,,,,,,,
"","外国人区分","外国人区分","","","",,"1",,,,,"1","1",,,"1",,,,,,,,,,,,,,,
"","災害者区分","災害者区分","","","",,"1",,,,,"1","1",,,"1",,,,,,,,,,,,,,,
"","勤労学生区分","勤労学生区分","","","",,"1",,,,,"1","1",,,"1",,,,,,,,,,,,,,,
"","障害者区分","障害者区分","","","",,"1","1",,,,"1","1",,,"1",,,,,,,,,,,,,,,
"","寡婦_ひとり親区分","寡婦／ひとり親区分","","","",,"1",,,,,"1","1",,,"1",,,,,,,,,,,,,,,
"","死亡年月日_家族_8","死亡年月日（家族）8人目","死亡年月日（家族）8人目","マスタ","家族",,"1",,,"1",,,,,,,"1",,,,,,,,,,,,,,
"","死亡年月日_家族_7","死亡年月日（家族）7人目","死亡年月日（家族）7人目","マスタ","家族",,"1",,,"1",,,,,,,"1",,,,,,,,,,,,,,
"","死亡年月日_家族_6","死亡年月日（家族）6人目","死亡年月日（家族）6人目","マスタ","家族",,"1",,,"1",,,,,,,"1",,,,,,,,,,,,,,
"","死亡年月日_家族_5","死亡年月日（家族）5人目","死亡年月日（家族）5人目","マスタ","家族",,"1",,,"1",,,,,,,"1",,,,,,,,,,,,,,
"","死亡年月日_家族_4","死亡年月日（家族）4人目","死亡年月日（家族）4人目","マスタ","家族",,"1",,,"1",,,,,,,"1",,,,,,,,,,,,,,
"","死亡年月日_家族_3","死亡年月日（家族）3人目","死亡年月日（家族）3人目","マスタ","家族",,"1",,,"1",,,,,,,"1",,,,,,,,,,,,,,
"","死亡年月日_家族_2","死亡年月日（家族）2人目","死亡年月日（家族）2人目","マスタ","家族",,"1",,,"1",,,,,,,"1",,,,,,,,,,,,,,
"","死亡年月日_家族_1","死亡年月日（家族）1人目","死亡年月日（家族）1人目","マスタ","家族",,"1",,,"1",,,,,,,"1",,,,,,,,,,,,,,
"","健保扶養区分_家族_8","健保扶養区分（家族）8人目","健保扶養区分（家族）8人目","マスタ","家族",,"1",,,"1",,,,,,,"1",,,,,,,,,,,,,,
"","健保扶養区分_家族_7","健保扶養区分（家族）7人目","健保扶養区分（家族）7人目","マスタ","家族",,"1",,,"1",,,,,,,"1",,,,,,,,,,,,,,
"","健保扶養区分_家族_6","健保扶養区分（家族）6人目","健保扶養区分（家族）6人目","マスタ","家族",,"1",,,"1",,,,,,,"1",,,,,,,,,,,,,,
"","健保扶養区分_家族_5","健保扶養区分（家族）5人目","健保扶養区分（家族）5人目","マスタ","家族",,"1",,,"1",,,,,,,"1",,,,,,,,,,,,,,
"","健保扶養区分_家族_4","健保扶養区分（家族）4人目","健保扶養区分（家族）4人目","マスタ","家族",,"1",,,"1",,,,,,,"1",,,,,,,,,,,,,,
"","健保扶養区分_家族_3","健保扶養区分（家族）3人目","健保扶養区分（家族）3人目","マスタ","家族",,"1",,,"1",,,,,,,"1",,,,,,,,,,,,,,
"","健保扶養区分_家族_2","健保扶養区分（家族）2人目","健保扶養区分（家族）2人目","マスタ","家族",,"1",,,"1",,,,,,,"1",,,,,,,,,,,,,,
"","健保扶養区分_家族_1","健保扶養区分（家族）1人目","健保扶養区分（家族）1人目","マスタ","家族",,"1",,,"1",,,,,,,"1",,,,,,,,,,,,,,
"","障害者区分_家族_8","障害者区分（家族）8人目","障害者区分（家族）8人目","マスタ","家族",,"1",,,"1",,,,,,,"1",,,,,,,,,,,,,,
"","障害者区分_家族_7","障害者区分（家族）7人目","障害者区分（家族）7人目","マスタ","家族",,"1",,,"1",,,,,,,"1",,,,,,,,,,,,,,
"","障害者区分_家族_6","障害者区分（家族）6人目","障害者区分（家族）6人目","マスタ","家族",,"1",,,"1",,,,,,,"1",,,,,,,,,,,,,,
"","障害者区分_家族_5","障害者区分（家族）5人目","障害者区分（家族）5人目","マスタ","家族",,"1",,,"1",,,,,,,"1",,,,,,,,,,,,,,
"","障害者区分_家族_4","障害者区分（家族）4人目","障害者区分（家族）4人目","マスタ","家族",,"1",,,"1",,,,,,,"1",,,,,,,,,,,,,,
"","障害者区分_家族_3","障害者区分（家族）3人目","障害者区分（家族）3人目","マスタ","家族",,"1",,,"1",,,,,,,"1",,,,,,,,,,,,,,
"","障害者区分_家族_2","障害者区分（家族）2人目","障害者区分（家族）2人目","マスタ","家族",,"1",,,"1",,,,,,,"1",,,,,,,,,,,,,,
"","障害者区分_家族_1","障害者区分（家族）1人目","障害者区分（家族）1人目","マスタ","家族",,"1",,,"1",,,,,,,"1",,,,,,,,,,,,,,
"","扶養区分_家族_8","扶養区分（家族）8人目","扶養区分（家族）8人目","マスタ","家族",,"1",,,"1",,,,,,,"1",,,,,,,,,,,,,,
"","扶養区分_家族_7","扶養区分（家族）7人目","扶養区分（家族）7人目","マスタ","家族",,"1",,,"1",,,,,,,"1",,,,,,,,,,,,,,
"","扶養区分_家族_6","扶養区分（家族）6人目","扶養区分（家族）6人目","マスタ","家族",,"1",,,"1",,,,,,,"1",,,,,,,,,,,,,,
"","扶養区分_家族_5","扶養区分（家族）5人目","扶養区分（家族）5人目","マスタ","家族",,"1",,,"1",,,,,,,"1",,,,,,,,,,,,,,
"","扶養区分_家族_4","扶養区分（家族）4人目","扶養区分（家族）4人目","マスタ","家族",,"1",,,"1",,,,,,,"1",,,,,,,,,,,,,,
"","扶養区分_家族_3","扶養区分（家族）3人目","扶養区分（家族）3人目","マスタ","家族",,"1",,,"1",,,,,,,"1",,,,,,,,,,,,,,
"","扶養区分_家族_2","扶養区分（家族）2人目","扶養区分（家族）2人目","マスタ","家族",,"1",,,"1",,,,,,,"1",,,,,,,,,,,,,,
"","扶養区分_家族_1","扶養区分（家族）1人目","扶養区分（家族）1人目","マスタ","家族",,"1",,,"1",,,,,,,"1",,,,,,,,,,,,,,
"","同居区分_家族_8","同居区分（家族）8人目","同居区分（家族）8人目","マスタ","家族",,"1",,,"1",,,,,,,"1",,,,,,,,,,,,,,
"","同居区分_家族_7","同居区分（家族）7人目","同居区分（家族）7人目","マスタ","家族",,"1",,,"1",,,,,,,"1",,,,,,,,,,,,,,
"","同居区分_家族_6","同居区分（家族）6人目","同居区分（家族）6人目","マスタ","家族",,"1",,,"1",,,,,,,"1",,,,,,,,,,,,,,
"","同居区分_家族_5","同居区分（家族）5人目","同居区分（家族）5人目","マスタ","家族",,"1",,,"1",,,,,,,"1",,,,,,,,,,,,,,
"","同居区分_家族_4","同居区分（家族）4人目","同居区分（家族）4人目","マスタ","家族",,"1",,,"1",,,,,,,"1",,,,,,,,,,,,,,
"","同居区分_家族_3","同居区分（家族）3人目","同居区分（家族）3人目","マスタ","家族",,"1",,,"1",,,,,,,"1",,,,,,,,,,,,,,
"","同居区分_家族_2","同居区分（家族）2人目","同居区分（家族）2人目","マスタ","家族",,"1",,,"1",,,,,,,"1",,,,,,,,,,,,,,
"","同居区分_家族_1","同居区分（家族）1人目","同居区分（家族）1人目","マスタ","家族",,"1",,,"1",,,,,,,"1",,,,,,,,,,,,,,
"","居住者区分_家族_8","居住者区分（家族）8人目","居住者区分（家族）8人目","マスタ","家族",,"1",,,"1",,,,,,,"1",,,,,,,,,,,,,,
"","居住者区分_家族_7","居住者区分（家族）7人目","居住者区分（家族）7人目","マスタ","家族",,"1",,,"1",,,,,,,"1",,,,,,,,,,,,,,
"","居住者区分_家族_6","居住者区分（家族）6人目","居住者区分（家族）6人目","マスタ","家族",,"1",,,"1",,,,,,,"1",,,,,,,,,,,,,,
"","居住者区分_家族_5","居住者区分（家族）5人目","居住者区分（家族）5人目","マスタ","家族",,"1",,,"1",,,,,,,"1",,,,,,,,,,,,,,
"","居住者区分_家族_4","居住者区分（家族）4人目","居住者区分（家族）4人目","マスタ","家族",,"1",,,"1",,,,,,,"1",,,,,,,,,,,,,,
"","居住者区分_家族_3","居住者区分（家族）3人目","居住者区分（家族）3人目","マスタ","家族",,"1",,,"1",,,,,,,"1",,,,,,,,,,,,,,
"","居住者区分_家族_2","居住者区分（家族）2人目","居住者区分（家族）2人目","マスタ","家族",,"1",,,"1",,,,,,,"1",,,,,,,,,,,,,,
"","居住者区分_家族_1","居住者区分（家族）1人目","居住者区分（家族）1人目","マスタ","家族",,"1",,,"1",,,,,,,"1",,,,,,,,,,,,,,
"","住所_家族_8","住所（家族）8人目","住所（家族）8人目","マスタ","家族",,"1",,,"1",,,,,,,"1",,,,,,,,,,,,,,
"","住所_家族_7","住所（家族）7人目","住所（家族）7人目","マスタ","家族",,"1",,,"1",,,,,,,"1",,,,,,,,,,,,,,
"","住所_家族_6","住所（家族）6人目","住所（家族）6人目","マスタ","家族",,"1",,,"1",,,,,,,"1",,,,,,,,,,,,,,
"","住所_家族_5","住所（家族）5人目","住所（家族）5人目","マスタ","家族",,"1",,,"1",,,,,,,"1",,,,,,,,,,,,,,
"","住所_家族_4","住所（家族）4人目","住所（家族）4人目","マスタ","家族",,"1",,,"1",,,,,,,"1",,,,,,,,,,,,,,
"","住所_家族_3","住所（家族）3人目","住所（家族）3人目","マスタ","家族",,"1",,,"1",,,,,,,"1",,,,,,,,,,,,,,
"","住所_家族_2","住所（家族）2人目","住所（家族）2人目","マスタ","家族",,"1",,,"1",,,,,,,"1",,,,,,,,,,,,,,
"","住所_家族_1","住所（家族）1人目","住所（家族）1人目","マスタ","家族",,"1",,,"1",,,,,,,"1",,,,,,,,,,,,,,
"","郵便番号_家族_8","郵便番号（家族）8人目","郵便番号（家族）8人目","マスタ","家族",,"1",,,"1",,,,,,,"1",,,,,,,,,,,,,,
"","郵便番号_家族_7","郵便番号（家族）7人目","郵便番号（家族）7人目","マスタ","家族",,"1",,,"1",,,,,,,"1",,,,,,,,,,,,,,
"","郵便番号_家族_6","郵便番号（家族）6人目","郵便番号（家族）6人目","マスタ","家族",,"1",,,"1",,,,,,,"1",,,,,,,,,,,,,,
"","郵便番号_家族_5","郵便番号（家族）5人目","郵便番号（家族）5人目","マスタ","家族",,"1",,,"1",,,,,,,"1",,,,,,,,,,,,,,
"","郵便番号_家族_4","郵便番号（家族）4人目","郵便番号（家族）4人目","マスタ","家族",,"1",,,"1",,,,,,,"1",,,,,,,,,,,,,,
"","郵便番号_家族_3","郵便番号（家族）3人目","郵便番号（家族）3人目","マスタ","家族",,"1",,,"1",,,,,,,"1",,,,,,,,,,,,,,
"","郵便番号_家族_2","郵便番号（家族）2人目","郵便番号（家族）2人目","マスタ","家族",,"1",,,"1",,,,,,,"1",,,,,,,,,,,,,,
"","郵便番号_家族_1","郵便番号（家族）1人目","郵便番号（家族）1人目","マスタ","家族",,"1",,,"1",,,,,,,"1",,,,,,,,,,,,,,
"","生年月日_家族_8","生年月日（家族）8人目","生年月日（家族）8人目","マスタ","家族",,"1",,,"1",,,,,,,"1",,,,,,,,,,,,,,
"","生年月日_家族_7","生年月日（家族）7人目","生年月日（家族）7人目","マスタ","家族",,"1",,,"1",,,,,,,"1",,,,,,,,,,,,,,
"","生年月日_家族_6","生年月日（家族）6人目","生年月日（家族）6人目","マスタ","家族",,"1",,,"1",,,,,,,"1",,,,,,,,,,,,,,
"","生年月日_家族_5","生年月日（家族）5人目","生年月日（家族）5人目","マスタ","家族",,"1",,,"1",,,,,,,"1",,,,,,,,,,,,,,
"","生年月日_家族_4","生年月日（家族）4人目","生年月日（家族）4人目","マスタ","家族",,"1",,,"1",,,,,,,"1",,,,,,,,,,,,,,
"","生年月日_家族_3","生年月日（家族）3人目","生年月日（家族）3人目","マスタ","家族",,"1",,,"1",,,,,,,"1",,,,,,,,,,,,,,
"","生年月日_家族_2","生年月日（家族）2人目","生年月日（家族）2人目","マスタ","家族",,"1",,,"1",,,,,,,"1",,,,,,,,,,,,,,
"","生年月日_家族_1","生年月日（家族）1人目","生年月日（家族）1人目","マスタ","家族",,"1",,,"1",,,,,,,"1",,,,,,,,,,,,,,
"","続柄_家族_8","続柄（家族）8人目","続柄8人目","マスタ","家族",,"1",,,"1",,,,,,,"1",,,,,,,,,,,,,,
"","続柄_家族_7","続柄（家族）7人目","続柄7人目","マスタ","家族",,"1",,,"1",,,,,,,"1",,,,,,,,,,,,,,
"","続柄_家族_6","続柄（家族）6人目","続柄6人目","マスタ","家族",,"1",,,"1",,,,,,,"1",,,,,,,,,,,,,,
"","続柄_家族_5","続柄（家族）5人目","続柄5人目","マスタ","家族",,"1",,,"1",,,,,,,"1",,,,,,,,,,,,,,
"","続柄_家族_4","続柄（家族）4人目","続柄4人目","マスタ","家族",,"1",,,"1",,,,,,,"1",,,,,,,,,,,,,,
"","続柄_家族_3","続柄（家族）3人目","続柄3人目","マスタ","家族",,"1",,,"1",,,,,,,"1",,,,,,,,,,,,,,
"","続柄_家族_2","続柄（家族）2人目","続柄2人目","マスタ","家族",,"1",,,"1",,,,,,,"1",,,,,,,,,,,,,,
"","続柄_家族_1","続柄（家族）1人目","続柄1人目","マスタ","家族",,"1",,,"1",,,,,,,"1",,,,,,,,,,,,,,
"","性別_家族_8","性別（家族）8人目","性別（家族）8人目","マスタ","家族",,"1",,,"1",,,,,,,"1",,,,,,,,,,,,,,
"","性別_家族_7","性別（家族）7人目","性別（家族）7人目","マスタ","家族",,"1",,,"1",,,,,,,"1",,,,,,,,,,,,,,
"","性別_家族_6","性別（家族）6人目","性別（家族）6人目","マスタ","家族",,"1",,,"1",,,,,,,"1",,,,,,,,,,,,,,
"","性別_家族_5","性別（家族）5人目","性別（家族）5人目","マスタ","家族",,"1",,,"1",,,,,,,"1",,,,,,,,,,,,,,
"","性別_家族_4","性別（家族）4人目","性別（家族）4人目","マスタ","家族",,"1",,,"1",,,,,,,"1",,,,,,,,,,,,,,
"","性別_家族_3","性別（家族）3人目","性別（家族）3人目","マスタ","家族",,"1",,,"1",,,,,,,"1",,,,,,,,,,,,,,
"","性別_家族_2","性別（家族）2人目","性別（家族）2人目","マスタ","家族",,"1",,,"1",,,,,,,"1",,,,,,,,,,,,,,
"","性別_家族_1","性別（家族）1人目","性別（家族）1人目","マスタ","家族",,"1",,,"1",,,,,,,"1",,,,,,,,,,,,,,
"","氏名_家族_8","氏名（家族）8人目","氏名（家族）8人目","マスタ","家族",,"1",,,"1",,,,,,,"1",,,,,,,,,,,,,,
"","氏名_家族_7","氏名（家族）7人目","氏名（家族）7人目","マスタ","家族",,"1",,,"1",,,,,,,"1",,,,,,,,,,,,,,
"","氏名_家族_6","氏名（家族）6人目","氏名（家族）6人目","マスタ","家族",,"1",,,"1",,,,,,,"1",,,,,,,,,,,,,,
"","氏名_家族_5","氏名（家族）5人目","氏名（家族）5人目","マスタ","家族",,"1",,,"1",,,,,,,"1",,,,,,,,,,,,,,
"","氏名_家族_4","氏名（家族）4人目","氏名（家族）4人目","マスタ","家族",,"1",,,"1",,,,,,,"1",,,,,,,,,,,,,,
"","氏名_家族_3","氏名（家族）3人目","氏名（家族）3人目","マスタ","家族",,"1",,,"1",,,,,,,"1",,,,,,,,,,,,,,
"","氏名_家族_2","氏名（家族）2人目","氏名（家族）2人目","マスタ","家族",,"1",,,"1",,,,,,,"1",,,,,,,,,,,,,,
"","氏名_家族_1","氏名（家族）1人目","氏名（家族）1人目","マスタ","家族",,"1",,,"1",,,,,,,"1",,,,,,,,,,,,,,
"","フリガナ_家族_8","フリガナ（家族）8人目","フリガナ（家族）8人目","マスタ","家族",,"1",,,"1",,,,,,,"1",,,,,,,,,,,,,,
"","フリガナ_家族_7","フリガナ（家族）7人目","フリガナ（家族）7人目","マスタ","家族",,"1",,,"1",,,,,,,"1",,,,,,,,,,,,,,
"","フリガナ_家族_6","フリガナ（家族）6人目","フリガナ（家族）6人目","マスタ","家族",,"1",,,"1",,,,,,,"1",,,,,,,,,,,,,,
"","フリガナ_家族_5","フリガナ（家族）5人目","フリガナ（家族）5人目","マスタ","家族",,"1",,,"1",,,,,,,"1",,,,,,,,,,,,,,
"","フリガナ_家族_4","フリガナ（家族）4人目","フリガナ（家族）4人目","マスタ","家族",,"1",,,"1",,,,,,,"1",,,,,,,,,,,,,,
"","フリガナ_家族_3","フリガナ（家族）3人目","フリガナ（家族）3人目","マスタ","家族",,"1",,,"1",,,,,,,"1",,,,,,,,,,,,,,
"","フリガナ_家族_2","フリガナ（家族）2人目","フリガナ（家族）2人目","マスタ","家族",,"1",,,"1",,,,,,,"1",,,,,,,,,,,,,,
"","フリガナ_家族_1","フリガナ（家族）1人目","フリガナ（家族）1人目","マスタ","家族",,"1",,,"1",,,,,,,"1",,,,,,,,,,,,,,
"","死亡年月日_配偶者","死亡年月日（配偶者）","","","",,"1",,,"1",,,,,,,"1",,,,,,,,,,,,,,
"","健保扶養区分_配偶者","健保扶養区分（配偶者）","","","",,"1",,,"1",,,,,,,"1",,,,,,,,,,,,,,
"","障害者区分_配偶者","障害者区分（配偶者）","","","",,"1",,,"1",,,,,,,"1",,,,,,,,,,,,,,
"","配偶者扶養有無","配偶者扶養有無","","","",,"1",,,"1",,,,,,,"1",,,,,,,,,,,,,,
"","同居区分_配偶者","同居区分（配偶者）","","","",,"1",,,"1",,,,,,,"1",,,,,,,,,,,,,,
"","居住者区分_配偶者","居住者区分（配偶者）","","","",,"1",,,"1",,,,,,,"1",,,,,,,,,,,,,,
"","住所_配偶者","住所（配偶者）","","","",,"1",,,"1",,,,,,,"1",,,,,,,,,,,,,,
"","郵便番号_配偶者","郵便番号（配偶者）","","","",,"1",,,"1",,,,,,,"1",,,,,,,,,,,,,,
"","生年月日_配偶者","生年月日（配偶者）","","","",,"1",,,"1",,,,,,,"1",,,,,,,,,,,,,,
"","性別_配偶者","性別（配偶者）","","","",,"1",,,"1",,,,,,,"1",,,,,,,,,,,,,,
"","氏名_配偶者","氏名（配偶者）","","","",,"1",,,"1",,,,,,,"1",,,,,,,,,,,,,,
"","フリガナ_配偶者","フリガナ（配偶者）","","","",,"1",,,"1",,,,,,,"1",,,,,,,,,,,,,,
"","配偶者有無","配偶者有無","","","",,"1",,,"1",,,,,,,"1",,,,,,,,,,,,,,
"","給与控内10","給与控内10","","","","1",,"1","1",,,,,,,,,,,,,,,,,,"1","1","1","1",
"","給与控内9","給与控内9","","","","1",,"1","1",,,,,,,,,,,,,,,,,,"1","1","1","1",
"","給与控内8","給与控内8","","","","1",,"1","1",,,,,,,,,,,,,,,,,,"1","1","1","1",
"","給与控内7","給与控内7","","","","1",,"1","1",,,,,,,,,,,,,,,,,,"1","1","1","1",
"","給与控内6","給与控内6","","","","1",,"1","1",,,,,,,,,,,,,,,,,,"1","1","1","1",
"","給与控内5","給与控内5","","","","1",,"1","1",,,,,,,,,,,,,,,,,,"1","1","1","1",
"","給与控内4","給与控内4","","","","1",,"1","1",,,,,,,,,,,,,,,,,,"1","1","1","1",
"","給与控内3","給与控内3","","","","1",,"1","1",,,,,,,,,,,,,,,,,,"1","1","1","1",
"","給与控内2","給与控内2","","","","1",,"1","1",,,,,,,,,,,,,,,,,,"1","1","1","1",
"","給与控内1","給与控内1","","","","1",,"1","1",,,,,,,,,,,,,,,,,,"1","1","1","1",
"","給与控除20","給与控除20","","","","1",,"1","1",,,,,,,,,,,,,,,,,,"1","1","1","1",
"","給与控除19","給与控除19","","","","1",,"1","1",,,,,,,,,,,,,,,,,,"1","1","1","1",
"","給与控除18","給与控除18","","","","1",,"1","1",,,,,,,,,,,,,,,,,,"1","1","1","1",
"","給与控除17","給与控除17","","","","1",,"1","1",,,,,,,,,,,,,,,,,,"1","1","1","1",
"","給与控除16","給与控除16","","","","1",,"1","1",,,,,,,,,,,,,,,,,,"1","1","1","1",
"","給与控除15","給与控除15","","","","1",,"1","1",,,,,,,,,,,,,,,,,,"1","1","1","1",
"","給与控除14","給与控除14","","","","1",,"1","1",,,,,,,,,,,,,,,,,,"1","1","1","1",
"","給与控除13","給与控除13","","","","1",,"1","1",,,,,,,,,,,,,,,,,,"1","1","1","1",
"","給与控除12","給与控除12","","","","1",,"1","1",,,,,,,,,,,,,,,,,,"1","1","1","1",
"","給与控除11","給与控除11","","","","1",,"1","1",,,,,,,,,,,,,,,,,,"1","1","1","1",
"","給与控除10","給与控除10","","","","1",,"1","1",,,,,,,,,,,,,,,,,,"1","1","1","1",
"","給与控除9","給与控除9","","","","1",,"1","1",,,,,,,,,,,,,,,,,,"1","1","1","1",
"","給与控除8","給与控除8","","","","1",,"1","1",,,,,,,,,,,,,,,,,,"1","1","1","1",
"","給与控除7","給与控除7","","","","1",,"1","1",,,,,,,,,,,,,,,,,,"1","1","1","1",
"","給与支内10","給与支内10","","","","1",,"1","1",,,,,,,,,,,,,,,,,,"1","1","1","1",
"","給与支内9","給与支内9","","","","1",,"1","1",,,,,,,,,,,,,,,,,,"1","1","1","1",
"","給与支内8","給与支内8","","","","1",,"1","1",,,,,,,,,,,,,,,,,,"1","1","1","1",
"","給与支内7","給与支内7","","","","1",,"1","1",,,,,,,,,,,,,,,,,,"1","1","1","1",
"","給与支内6","給与支内6","","","","1",,"1","1",,,,,,,,,,,,,,,,,,"1","1","1","1",
"","給与支内5","給与支内5","","","","1",,"1","1",,,,,,,,,,,,,,,,,,"1","1","1","1",
"","給与支内4","給与支内4","","","","1",,"1","1",,,,,,,,,,,,,,,,,,"1","1","1","1",
"","給与支内3","給与支内3","","","","1",,"1","1",,,,,,,,,,,,,,,,,,"1","1","1","1",
"","給与支内2","給与支内2","","","","1",,"1","1",,,,,,,,,,,,,,,,,,"1","1","1","1",
"","給与支内1","給与支内1","","","","1",,"1","1",,,,,,,,,,,,,,,,,,"1","1","1","1",
"","給与支給17","給与支給17","","","","1",,"1","1",,,,,,,,,,,,,,,,,,"1","1","1","1",
"","給与支給16","給与支給16","","","","1",,"1","1",,,,,,,,,,,,,,,,,,"1","1","1","1",
"","給与支給15","給与支給15","","","","1",,"1","1",,,,,,,,,,,,,,,,,,"1","1","1","1",
"","給与支給14","給与支給14","","","","1",,"1","1",,,,,,,,,,,,,,,,,,"1","1","1","1",
"","給与支給13","給与支給13","","","","1",,"1","1",,,,,,,,,,,,,,,,,,"1","1","1","1",
"","給与支給12","給与支給12","","","","1",,"1","1",,,,,,,,,,,,,,,,,,"1","1","1","1",
"","給与支給11","給与支給11","","","","1",,"1","1",,,,,,,,,,,,,,,,,,"1","1","1","1",
"","給与支給10","給与支給10","","","","1",,"1","1",,,,,,,,,,,,,,,,,,"1","1","1","1",
"","給与支給9","給与支給9","","","","1",,"1","1",,,,,,,,,,,,,,,,,,"1","1","1","1",
"","給与支給8","給与支給8","","","","1",,"1","1",,,,,,,,,,,,,,,,,,"1","1","1","1",
"","給与支給7","給与支給7","","","","1",,"1","1",,,,,,,,,,,,,,,,,,"1","1","1","1",
"","給与支給6","給与支給6","","","","1",,"1","1",,,,,,,,,,,,,,,,,,"1","1","1","1",
"","給与支給5","給与支給5","","","","1",,"1","1",,,,,,,,,,,,,,,,,,"1","1","1","1",
"","給与支給4","給与支給4","","","","1",,"1","1",,,,,,,,,,,,,,,,,,"1","1","1","1",
"","給与支給3","給与支給3","","","","1",,"1","1",,,,,,,,,,,,,,,,,,"1","1","1","1",
"","給与支給2","給与支給2","","","","1",,"1","1",,,,,,,,,,,,,,,,,,"1","1","1","1",
"","給与支給1","給与支給1","","","","1",,"1","1",,,,,,,,,,,,,,,,,,"1","1","1","1",
"","課税区分","課税区分","","","",,"1","1",,,,"1","1",,,"1",,,,,,,,,,,,,,,
"","給与区分","給与区分","","","",,"1","1","1",,,,,,,,,,,,,,,,,"1",,,,,"1"
"","給与体系","給与体系","","","",,"1","1","1",,,,,,,,,,,,,,,,,"1",,,,,"1"
"","所属","所属","所属","マスタ","",,"1","1",,,,"1",,,,,,,,,,,,,,"1",,,,,"1"
"","電話番号2","電話番号2","","","",,,"1",,,,"1",,,,"1",,,,,,,,,,,,,,,
"","電話番号1","電話番号1","","","",,"1","1",,,,"1",,,,"1",,,,,,,,,,,,,,,
"","住民票カナ","住民票住所カナ","","","",,"1",,,,,,"1",,,,,,,"1",,,,,,,,,,,
"","住民票","住民票住所","","","",,,,,,,,"1",,,,,,,"1",,,,,,,,,,,
"","住民票_建物名_カナ","住民票住所・マンション/ビル等（カナ）","","","",,,,,,,,"1",,,,,,,"1",,,,,,,,,,,
"","住民票_市区町村_カナ","住民票住所・市区町村（カナ）","","","",,,,,,,,"1",,,,,,,"1",,,,,,,,,,,
"","住民票_都道府県_カナ","住民票住所・都道府県（カナ）","","","",,,,,,,,"1",,,,,,,"1",,,,,,,,,,,
"","住民票_建物名","住民票住所・マンション/ビル等","","","",,"1",,,,,,"1",,,,,,,"1",,,,,,,,,,,
"","住民票_番地","住民票住所・番地","","","",,"1",,,,,,"1",,,,,,,"1",,,,,,,,,,,
"","住民票_市区町村","住民票住所・市区町村","","","",,"1",,,,,,"1",,,,,,,"1",,,,,,,,,,,
"","住民票_都道府県","住民票住所・都道府県","","","",,"1",,,,,,"1",,,,,,,"1",,,,,,,,,,,
"","住民票_郵便番号","住民票住所・郵便番号","","","",,"1",,,,,,"1",,,,,,,"1",,,,,,,,,,,
"","国内外区分","国内外区分","","","",,"1",,"1",,,,,,,,,,,,,,,,,"1",,,,,"1"
"","退職年月日","退職年月日","","","",,"1",,,,,,,,,,,,,,,,,,"1",,,,,,
"","入社年月日","入社年月日","","","",,,"1","1",,,"1",,,,,,,,,,,,,,"1",,"1",,,
"","生年月日","生年月日","","","",,,"1",,,,"1",,,,,,,,,,,,,,,,,,,
"","性別","性別","","","",,,"1",,,,"1",,,,,,,,,,,,,,,,,,,
"","雇用区分","雇用区分","雇用区分","マスタ","","1","1","1","1",,,,,,,"1","1","1","1","1","1","1","1","1","1","1","1","1","1","1","1"
"","氏名","氏名","","","","1","1","1","1","1","1","1",,"1","1","1","1","1","1","1","1","1","1","1","1",,"1","1","1","1",
"","氏名_フリガナ","氏名(フリガナ)","氏名(フリガナ)","マスタ","氏名",,,,,,,,,,,,,,,,,,,,,,,,,,
"","社員番号","社員番号","","","","1","1",,"1","1","1","1",,,,"1","1","1","1","1","1","1","1","1","1",,"1","1","1","1",
"HM5120313","賞与控除内訳10","賞与控除内訳10","","賞与","",,,,,,,,,,,,,,,,,,,,,,,,,,
"HM5120312","賞与控除内訳9","賞与控除内訳9","","賞与","",,,,,,,,,,,,,,,,,,,,,,,,,,
"HM5120311","賞与控除内訳8","賞与控除内訳8","","賞与","",,,,,,,,,,,,,,,,,,,,,,,,,,
"HM5120310","賞与控除内訳7","賞与控除内訳7","","賞与","",,,,,,,,,,,,,,,,,,,,,,,,,,
"HM5120309","賞与控除内訳6","賞与控除内訳6","","賞与","",,,,,,,,,,,,,,,,,,,,,,,,,,
"HM5120308","賞与控除内訳5","賞与控除内訳5","","賞与","",,,,,,,,,,,,,,,,,,,,,,,,,,
"HM5120307","賞与控除内訳4","賞与控除内訳4","","賞与","",,,,,,,,,,,,,,,,,,,,,,,,,,
"HM5120306","賞与控除内訳3","賞与控除内訳3","","賞与","",,,,,,,,,,,,,,,,,,,,,,,,,,
"HM5120305","賞与控除内訳2","賞与控除内訳2","","賞与","",,,,,,,,,,,,,,,,,,,,,,,,,,
"HM5120304","賞与控除内訳1","賞与控除内訳1","","賞与","",,,,,,,,,,,,,,,,,,,,,,,,,,
"HM5120220","賞与控除20","賞与控除20","","賞与","",,,,,,,,,,,,,,,,,,,,,,,,,,
"HM5120219","賞与控除19","賞与控除19","","賞与","",,,,,,,,,,,,,,,,,,,,,,,,,,
"HM5120218","賞与控除18","賞与控除18","","賞与","",,,,,,,,,,,,,,,,,,,,,,,,,,
"HM5120217","賞与控除17","賞与控除17","","賞与","",,,,,,,,,,,,,,,,,,,,,,,,,,
"HM5120216","賞与控除16","賞与控除16","","賞与","",,,,,,,,,,,,,,,,,,,,,,,,,,
"HM5120215","賞与控除15","賞与控除15","","賞与","",,,,,,,,,,,,,,,,,,,,,,,,,,
"HM5120214","賞与控除14","賞与控除14","","賞与","",,,,,,,,,,,,,,,,,,,,,,,,,,
"HM5120213","賞与控除13","賞与控除13","","賞与","",,,,,,,,,,,,,,,,,,,,,,,,,,
"HM5120212","賞与控除12","賞与控除12","","賞与","",,,,,,,,,,,,,,,,,,,,,,,,,,
"HM5120211","賞与控除11","賞与控除11","","賞与","",,,,,,,,,,,,,,,,,,,,,,,,,,
"HM5120210","賞与控除10","賞与控除10","","賞与","",,,,,,,,,,,,,,,,,,,,,,,,,,
"HM5120209","賞与控除9","賞与控除9","","賞与","",,,,,,,,,,,,,,,,,,,,,,,,,,
"HM5120208","賞与控除8","賞与控除8","","賞与","",,,,,,,,,,,,,,,,,,,,,,,,,,
"HM5120207","賞与控除7","賞与控除7","","賞与","",,,,,,,,,,,,,,,,,,,,,,,,,,
"HM5120206","賞与控除6","賞与控除6","","賞与","",,,,,,,,,,,,,,,,,,,,,,,,,,
"HM5120205","賞与控除5","賞与控除5","","賞与","",,,,,,,,,,,,,,,,,,,,,,,,,,
"HM5120204","賞与控除4","賞与控除4","","賞与","",,,,,,,,,,,,,,,,,,,,,,,,,,
"HM5120203","賞与控除3","賞与控除3","","賞与","",,,,,,,,,,,,,,,,,,,,,,,,,,
"HM5120202","賞与控除2","賞与控除2","","賞与","",,,,,,,,,,,,,,,,,,,,,,,,,,
"HM5120201","賞与控除1","賞与控除1","","賞与","",,,,,,,,,,,,,,,,,,,,,,,,,,
"HM5120110","賞与支給内訳10","賞与支給内訳10","","賞与","",,,,,,,,,,,,,,,,,,,,,,,,,,
"HM5120109","賞与支給内訳9","賞与支給内訳9","","賞与","",,,,,,,,,,,,,,,,,,,,,,,,,,
"HM5120108","賞与支給内訳8","賞与支給内訳8","","賞与","",,,,,,,,,,,,,,,,,,,,,,,,,,
"HM5120107","賞与支給内訳7","賞与支給内訳7","","賞与","",,,,,,,,,,,,,,,,,,,,,,,,,,
"HM5120106","賞与支給内訳6","賞与支給内訳6","","賞与","",,,,,,,,,,,,,,,,,,,,,,,,,,
"HM5120105","賞与支給内訳5","賞与支給内訳5","","賞与","",,,,,,,,,,,,,,,,,,,,,,,,,,
"HM5120104","賞与支給内訳4","賞与支給内訳4","","賞与","",,,,,,,,,,,,,,,,,,,,,,,,,,
"HM5120103","賞与支給内訳3","賞与支給内訳3","","賞与","",,,,,,,,,,,,,,,,,,,,,,,,,,
"HM5120102","賞与支給内訳2","賞与支給内訳2","","賞与","",,,,,,,,,,,,,,,,,,,,,,,,,,
"HM5120101","賞与支給内訳1","賞与支給内訳1","","賞与","",,,,,,,,,,,,,,,,,,,,,,,,,,
"HM5120020","賞与支給20","賞与支給20","","賞与","",,,,,,,,,,,,,,,,,,,,,,,,,,
"HM5120019","賞与支給19","賞与支給19","","賞与","",,,,,,,,,,,,,,,,,,,,,,,,,,
"HM5120018","賞与支給18","賞与支給18","","賞与","",,,,,,,,,,,,,,,,,,,,,,,,,,
"HM5120017","賞与支給17","賞与支給17","","賞与","",,,,,,,,,,,,,,,,,,,,,,,,,,
"HM5120016","賞与支給16","賞与支給16","","賞与","",,,,,,,,,,,,,,,,,,,,,,,,,,
"HM5120015","賞与支給15","賞与支給15","","賞与","",,,,,,,,,,,,,,,,,,,,,,,,,,
"HM5120014","賞与支給14","賞与支給14","","賞与","",,,,,,,,,,,,,,,,,,,,,,,,,,
"HM5120013","賞与支給13","賞与支給13","","賞与","",,,,,,,,,,,,,,,,,,,,,,,,,,
"HM5120012","賞与支給12","賞与支給12","","賞与","",,,,,,,,,,,,,,,,,,,,,,,,,,
"HM5120011","賞与支給11","賞与支給11","","賞与","",,,,,,,,,,,,,,,,,,,,,,,,,,
"HM5120010","賞与支給10","賞与支給10","","賞与","",,,,,,,,,,,,,,,,,,,,,,,,,,
"HM5120009","賞与支給9","賞与支給9","","賞与","",,,,,,,,,,,,,,,,,,,,,,,,,,
"HM5120008","賞与支給8","賞与支給8","","賞与","",,,,,,,,,,,,,,,,,,,,,,,,,,
"HM5120007","賞与支給7","賞与支給7","","賞与","",,,,,,,,,,,,,,,,,,,,,,,,,,
"HM5120006","賞与支給6","賞与支給6","","賞与","",,,,,,,,,,,,,,,,,,,,,,,,,,
"HM5120005","賞与支給5","賞与支給5","","賞与","",,,,,,,,,,,,,,,,,,,,,,,,,,
"HM5120004","賞与支給4","賞与支給4","","賞与","",,,,,,,,,,,,,,,,,,,,,,,,,,
"HM5120003","賞与支給3","賞与支給3","","賞与","",,,,,,,,,,,,,,,,,,,,,,,,,,
"HM5120002","賞与支給2","賞与支給2","","賞与","",,,,,,,,,,,,,,,,,,,,,,,,,,
"HM5120001","賞与支給1","賞与支給1","","賞与","",,,,,,,,,,,,,,,,,,,,,,,,,,
"HM5110513","控除内訳10","控除内訳10","控除内訳10","変動","",,,,,,,,,,,,,,,,,,,,,,,,,,
"HM5110512","控除内訳9","控除内訳９","控除内訳９","変動","",,,,,,,,,,,,,,,,,,,,,,,,,,
"HM5110511","控除内訳8","控除内訳８","控除内訳８","変動","",,,,,,,,,,,,,,,,,,,,,,,,,,
"HM5110510","控除内訳7","控除内訳７","控除内訳７","変動","",,,,,,,,,,,,,,,,,,,,,,,,,,
"HM5110509","控除内訳6","控除内訳６","控除内訳６","変動","",,,,,,,,,,,,,,,,,,,,,,,,,,
"HM5110508","控除内訳5","控除内訳５","控除内訳５","変動","",,,,,,,,,,,,,,,,,,,,,,,,,,
"HM5110507","控除内訳4","控除内訳４","控除内訳４","変動","",,,,,,,,,,,,,,,,,,,,,,,,,,
"HM5110506","控除内訳3","控除内訳３","控除内訳３","変動","",,,,,,,,,,,,,,,,,,,,,,,,,,
"HM5110505","控除内訳2","控除内訳２","控除内訳２","変動","",,,,,,,,,,,,,,,,,,,,,,,,,,
"HM5110504","控除内訳1","控除内訳１","控除内訳１","変動","",,,,,,,,,,,,,,,,,,,,,,,,,,
"HM5110421","控除20","控除20","控除20","変動","",,,,,,,,,,,,,,,,,,,,,,,,,,
"HM5110420","控除19","控除19","控除19","変動","",,,,,,,,,,,,,,,,,,,,,,,,,,
"HM5110419","控除18","控除18","控除18","変動","",,,,,,,,,,,,,,,,,,,,,,,,,,
"HM5110418","控除17","控除17","控除17","変動","",,,,,,,,,,,,,,,,,,,,,,,,,,
"HM5110417","控除16","控除16","控除16","変動","",,,,,,,,,,,,,,,,,,,,,,,,,,
"HM5110416","控除15","控除15","控除15","変動","",,,,,,,,,,,,,,,,,,,,,,,,,,
"HM5110415","控除14","控除14","控除14","変動","",,,,,,,,,,,,,,,,,,,,,,,,,,
"HM5110414","控除13","控除13","控除13","変動","",,,,,,,,,,,,,,,,,,,,,,,,,,
"HM5110413","控除12","控除12","控除12","変動","",,,,,,,,,,,,,,,,,,,,,,,,,,
"HM5110412","控除11","控除11","控除11","変動","",,,,,,,,,,,,,,,,,,,,,,,,,,
"HM5110411","控除10","控除10","控除10","変動","",,,,,,,,,,,,,,,,,,,,,,,,,,
"HM5110410","控除9","控除９","控除９","変動","",,,,,,,,,,,,,,,,,,,,,,,,,,
"HM5110409","控除8","控除８","控除８","変動","",,,,,,,,,,,,,,,,,,,,,,,,,,
"HM5110408","控除7","控除７","控除７","変動","",,,,,,,,,,,,,,,,,,,,,,,,,,
"HM5110407","住民税","住民税","住民税","変動","",,,,,,,,,,,,,,,,,,,,,,,,,,
"HM5110406","所得税","所得税","所得税","変動","",,,,,,,,,,,,,,,,,,,,,,,,,,
"HM5110405","雇用保険料","雇用保険料","雇用保険料","変動","",,,,,,,,,,,,,,,,,,,,,,,,,,
"HM5110404","厚生年金基金","厚生年金基金","厚生年金基金","変動","",,,,,,,,,,,,,,,,,,,,,,,,,,
"HM5110403","厚生年金保険","厚生年金保険","厚生年金保険","変動","",,,,,,,,,,,,,,,,,,,,,,,,,,
"HM5110402","介護保険料","介護保険料","介護保険料","変動","",,,,,,,,,,,,,,,,,,,,,,,,,,
"HM5110401","健康保険料","健康保険料","健康保険料","変動","",,,,,,,,,,,,,,,,,,,,,,,,,,
"HM5110311","支給内訳10","支給内訳１０","支給内訳１０","変動","",,,,,,,,,,,,,,,,,,,,,,,,,,
"HM5110310","支給内訳9","支給内訳９","支給内訳９","変動","",,,,,,,,,,,,,,,,,,,,,,,,,,
"HM5110309","支給内訳8","支給内訳８","支給内訳８","変動","",,,,,,,,,,,,,,,,,,,,,,,,,,
"HM5110308","支給内訳7","支給内訳７","支給内訳７","変動","",,,,,,,,,,,,,,,,,,,,,,,,,,
"HM5110307","支給内訳6","支給内訳６","支給内訳６","変動","",,,,,,,,,,,,,,,,,,,,,,,,,,
"HM5110306","支給内訳5","支給内訳５","支給内訳５","変動","",,,,,,,,,,,,,,,,,,,,,,,,,,
"HM5110305","支給内訳4","支給内訳４","支給内訳４","変動","",,,,,,,,,,,,,,,,,,,,,,,,,,
"HM5110304","支給内訳3","支給内訳３","支給内訳３","変動","",,,,,,,,,,,,,,,,,,,,,,,,,,
"HM5110303","支給内訳2","支給内訳２","支給内訳２","変動","",,,,,,,,,,,,,,,,,,,,,,,,,,
"HM5110302","支給内訳1","支給内訳１","支給内訳１","変動","",,,,,,,,,,,,,,,,,,,,,,,,,,
"HM5110301","その他減額金","その他減額金","その他減額金","変動","",,,,,,,,,,,,,,,,,,,,,,,,,,
"HM5110231","減額金","減額金","減額金","変動","",,,,,,,,,,,,,,,,,,,,,,,,,,
"HM5110230","残業手当","残業手当","残業手当","変動","",,,,,,,,,,,,,,,,,,,,,,,,,,
"HM5110229","課税通勤手当","課税通勤手当","課税通勤手当","変動","",,,,,,,,,,,,,,,,,,,,,,,,,,
"HM5110228","通勤手当","通勤手当","通勤手当","変動","",,,,,,,,,,,,,,,,,,,,,,,,,,
"HM5110217","支給17","支給17","支給17","変動","",,,,,,,,,,,,,,,,,,,,,,,,,,
"HM5110216","支給16","支給16","支給16","変動","",,,,,,,,,,,,,,,,,,,,,,,,,,
"HM5110215","支給15","支給15","支給15","変動","",,,,,,,,,,,,,,,,,,,,,,,,,,
"HM5110214","支給14","支給14","支給14","変動","",,,,,,,,,,,,,,,,,,,,,,,,,,
"HM5110213","支給13","支給13","支給13","変動","",,,,,,,,,,,,,,,,,,,,,,,,,,
"HM5110212","支給12","支給12","支給12","変動","",,,,,,,,,,,,,,,,,,,,,,,,,,
"HM5110211","支給11","支給11","支給11","変動","",,,,,,,,,,,,,,,,,,,,,,,,,,
"HM5110210","支給10","支給10","支給10","変動","",,,,,,,,,,,,,,,,,,,,,,,,,,
"HM5110209","支給9","支給９","支給９","変動","",,,,,,,,,,,,,,,,,,,,,,,,,,
"HM5110208","支給8","支給８","支給８","変動","",,,,,,,,,,,,,,,,,,,,,,,,,,
"HM5110207","支給7","支給７","支給７","変動","",,,,,,,,,,,,,,,,,,,,,,,,,,
"HM5110206","支給6","支給６","支給６","変動","",,,,,,,,,,,,,,,,,,,,,,,,,,
"HM5110205","支給5","支給５","支給５","変動","",,,,,,,,,,,,,,,,,,,,,,,,,,
"HM5110204","支給4","支給４","支給４","変動","",,,,,,,,,,,,,,,,,,,,,,,,,,
"HM5110203","支給3","支給３","支給３","変動","",,,,,,,,,,,,,,,,,,,,,,,,,,
"HM5110202","支給2","支給２","支給２","変動","",,,,,,,,,,,,,,,,,,,,,,,,,,
"HM5110201","基本給","基本給","支給１","変動","",,,,,,,,,,,,,,,,,,,,,,,,,,
"HM3024164","給与控内10","給与控内10","給与控内10","固定","",,,,,,,,,,,,,,,,,,,,,,,,,,
"HM3024163","給与控内9","給与控内9","給与控内９","固定","",,,,,,,,,,,,,,,,,,,,,,,,,,
"HM3024162","給与控内8","給与控内8","給与控内８","固定","",,,,,,,,,,,,,,,,,,,,,,,,,,
"HM3024161","給与控内7","給与控内7","給与控内７","固定","",,,,,,,,,,,,,,,,,,,,,,,,,,
"HM3024160","給与控内6","給与控内6","給与控内６","固定","",,,,,,,,,,,,,,,,,,,,,,,,,,
"HM3024159","給与控内5","給与控内5","給与控内５","固定","",,,,,,,,,,,,,,,,,,,,,,,,,,
"HM3024158","給与控内4","給与控内4","給与控内４","固定","",,,,,,,,,,,,,,,,,,,,,,,,,,
"HM3024157","給与控内3","給与控内3","給与控内３","固定","",,,,,,,,,,,,,,,,,,,,,,,,,,
"HM3024156","給与控内2","給与控内2","給与控内２","固定","",,,,,,,,,,,,,,,,,,,,,,,,,,
"HM3024155","給与控内1","給与控内1","給与控内１","固定","",,,,,,,,,,,,,,,,,,,,,,,,,,
"HM3024114","給与控除20","給与控除20","給与控除20","固定","",,,,,,,,,,,,,,,,,,,,,,,,,,
"HM3024113","給与控除19","給与控除19","給与控除19","固定","",,,,,,,,,,,,,,,,,,,,,,,,,,
"HM3024112","給与控除18","給与控除18","給与控除18","固定","",,,,,,,,,,,,,,,,,,,,,,,,,,
"HM3024111","給与控除17","給与控除17","給与控除17","固定","",,,,,,,,,,,,,,,,,,,,,,,,,,
"HM3024110","給与控除16","給与控除16","給与控除16","固定","",,,,,,,,,,,,,,,,,,,,,,,,,,
"HM3024109","給与控除15","給与控除15","給与控除15","固定","",,,,,,,,,,,,,,,,,,,,,,,,,,
"HM3024108","給与控除14","給与控除14","給与控除14","固定","",,,,,,,,,,,,,,,,,,,,,,,,,,
"HM3024107","給与控除13","給与控除13","給与控除13","固定","",,,,,,,,,,,,,,,,,,,,,,,,,,
"HM3024106","給与控除12","給与控除12","給与控除12","固定","",,,,,,,,,,,,,,,,,,,,,,,,,,
"HM3024105","給与控除11","給与控除11","給与控除11","固定","",,,,,,,,,,,,,,,,,,,,,,,,,,
"HM3024104","給与控除10","給与控除10","給与控除10","固定","",,,,,,,,,,,,,,,,,,,,,,,,,,
"HM3024103","給与控除9","給与控除9","給与控除９","固定","",,,,,,,,,,,,,,,,,,,,,,,,,,
"HM3024102","給与控除8","給与控除8","給与控除８","固定","",,,,,,,,,,,,,,,,,,,,,,,,,,
"HM3024101","給与控除7","給与控除7","給与控除７","固定","",,,,,,,,,,,,,,,,,,,,,,,,,,
"HM3024090","給与支内10","給与支内10","給与支内10","固定","",,,,,,,,,,,,,,,,,,,,,,,,,,
"HM3024089","給与支内9","給与支内9","給与支内９","固定","",,,,,,,,,,,,,,,,,,,,,,,,,,
"HM3024088","給与支内8","給与支内8","給与支内８","固定","",,,,,,,,,,,,,,,,,,,,,,,,,,
"HM3024087","給与支内7","給与支内7","給与支内７","固定","",,,,,,,,,,,,,,,,,,,,,,,,,,
"HM3024086","給与支内6","給与支内6","給与支内６","固定","",,,,,,,,,,,,,,,,,,,,,,,,,,
"HM3024085","給与支内5","給与支内5","給与支内５","固定","",,,,,,,,,,,,,,,,,,,,,,,,,,
"HM3024084","給与支内4","給与支内4","給与支内４","固定","",,,,,,,,,,,,,,,,,,,,,,,,,,
"HM3024083","給与支内3","給与支内3","給与支内３","固定","",,,,,,,,,,,,,,,,,,,,,,,,,,
"HM3024082","給与支内2","給与支内2","給与支内２","固定","",,,,,,,,,,,,,,,,,,,,,,,,,,
"HM3024081","給与支内1","給与支内1","給与支内１","固定","",,,,,,,,,,,,,,,,,,,,,,,,,,
"HM3024035","給与支給17","給与支給17","給与支給17","固定","",,,,,,,,,,,,,,,,,,,,,,,,,,
"HM3024034","給与支給16","給与支給16","給与支給16","固定","",,,,,,,,,,,,,,,,,,,,,,,,,,
"HM3024033","給与支給15","給与支給15","給与支給15","固定","",,,,,,,,,,,,,,,,,,,,,,,,,,
"HM3024032","給与支給14","給与支給14","給与支給14","固定","",,,,,,,,,,,,,,,,,,,,,,,,,,
"HM3024031","給与支給13","給与支給13","給与支給13","固定","",,,,,,,,,,,,,,,,,,,,,,,,,,
"HM3024030","給与支給12","給与支給12","給与支給12","固定","",,,,,,,,,,,,,,,,,,,,,,,,,,
"HM3024029","給与支給11","給与支給11","給与支給11","固定","",,,,,,,,,,,,,,,,,,,,,,,,,,
"HM3024028","給与支給10","給与支給10","給与支給10","固定","",,,,,,,,,,,,,,,,,,,,,,,,,,
"HM3024027","給与支給9","給与支給9","給与支給９","固定","",,,,,,,,,,,,,,,,,,,,,,,,,,
"HM3024026","給与支給8","給与支給8","給与支給８","固定","",,,,,,,,,,,,,,,,,,,,,,,,,,
"HM3024025","給与支給7","給与支給7","給与支給７","固定","",,,,,,,,,,,,,,,,,,,,,,,,,,
"HM3024024","給与支給6","給与支給6","給与支給６","固定","",,,,,,,,,,,,,,,,,,,,,,,,,,
"HM3024023","給与支給5","給与支給5","給与支給５","固定","",,,,,,,,,,,,,,,,,,,,,,,,,,
"HM3024022","給与支給4","給与支給4","給与支給４","固定","",,,,,,,,,,,,,,,,,,,,,,,,,,
"HM3024021","給与支給3","給与支給3","給与支給３","固定","",,,,,,,,,,,,,,,,,,,,,,,,,,
"HM3024020","給与支給2","給与支給2","給与支給２","固定","",,,,,,,,,,,,,,,,,,,,,,,,,,
"HM3024019","給与支給1","給与支給1","給与支給１","固定","",,,,,,,,,,,,,,,,,,,,,,,,,,
"HM3024003","給与区分_奉行","給与区分","給与区分","マスタ","",,,,,,,,,,"1",,,,,,,,,,,,,,,,
"HM3024002","給与体系_奉行","給与体系","給与体系","マスタ","",,,,,,,,,,"1",,,,,,,,,,,,,,,,
"HM3021805","休職終了年月日","休職終了年月日","休職終了年月日","マスタ","休職",,,,,,,,,,,,,,,,,,,,,,,,,,
"HM3021804","休職終了予定日","休職終了予定日","休職終了予定日","マスタ","休職",,,,,,,,,,,,,,,,,,,,,,,,,,
"HM3021803","休職開始年月日","休職開始年月日","休職開始年月日","マスタ","休職",,,,,,,,,,,,,,,,,,,,,,,,,,
"HM3021801","休職事由_奉行","休職事由","休職事由","マスタ","休職",,,,,,,,,,"1",,,,,,,,,,,,,,,,
"HM3020809","応募職種_奉行","応募職種","職種","マスタ","所属情報",,,,,,,,,,"1",,,,,,,,,,,,,,,,
"","勤務区分_奉行","勤務区分","勤務地","","所属情報",,,,,,,,,,"1",,,,,,,,,,,,,,,,
"HM3020805","役職_奉行","役職","役職","マスタ","所属情報",,,,,,,,,,"1",,,,,,,,,,,,,,,,
"HM3020803","所属_奉行","所属","所属","マスタ","",,,,,,,,,,"1",,,,,,,,,,,,,,,,
"HM3020110","電話番号1","電話番号1","電話番号","マスタ","住所",,,,,,,,,,,,,,,,,,,,,,,,,,
"HM3020109","住民票カナ","住民票住所カナ","住所カナ","マスタ","住所",,,,,,,,,,,,,,,,,,,,,,,,,,
"HM3020108","住民票住所・マンション/ビル等","住民票_建物名","マンション／ビル等","マスタ","住所",,,,,,,,,,,,,,,,,,,,,,,,,,
"HM3020107","住民票住所・番地","住民票_番地","番地","マスタ","住所",,,,,,,,,,,,,,,,,,,,,,,,,,
"HM3020106","住民票_市区町村","住民票住所・市区町村","市区町村","マスタ","住所",,,,,,,,,,,,,,,,,,,,,,,,,,
"HM3020105","住民票_都道府県","住民票住所・都道府県","都道府県","マスタ","住所",,,,,,,,,,,,,,,,,,,,,,,,,,
"HM3020104","住民票_郵便番号","住民票住所・郵便番号","郵便番号","マスタ","住所",,,,,,,,,,,,,,,,,,,,,,,,,,
"HM3020103","国内外区分_奉行","国内外区分","国内外区分","マスタ","",,,,,,,,,,"1",,,,,,,,,,,,,,,,
"HM3014221","配偶者扶養有無_奉行","配偶者扶養有無","扶養区分（配偶者）","マスタ","配偶者",,,,,,,,,,"1",,,,,,,,,,,,,,,,
"HM3014179","死亡年月日_家族_8","死亡年月日（家族）8人目","死亡年月日（家族）8人目","マスタ","家族",,,,,,,,,,,,,,,,,,,,,,,,,,
"HM3014174","健保扶養区分_家族_8_奉行","健保扶養区分（家族）8人目","健保扶養区分（家族）8人目","マスタ","家族",,,,,,,,,,"1",,,,,,,,,,,,,,,,
"HM3014173","障害者区分_家族_8_奉行","障害者区分（家族）8人目","障害者区分（家族）8人目","マスタ","家族",,,,,,,,,,"1",,,,,,,,,,,,,,,,
"HM3014172","扶養区分_家族_8_奉行","扶養区分（家族）8人目","扶養区分（家族）8人目","マスタ","家族",,,,,,,,,,"1",,,,,,,,,,,,,,,,
"HM3014171","同居区分_家族_8_奉行","同居区分（家族）8人目","同居区分（家族）8人目","マスタ","家族",,,,,,,,,,"1",,,,,,,,,,,,,,,,
"HM3014170","居住者区分_家族_8_奉行","居住者区分（家族）8人目","居住者区分（家族）8人目","マスタ","家族",,,,,,,,,,"1",,,,,,,,,,,,,,,,
"HM3014167","住所_家族_8","住所（家族）8人目","住所（家族）8人目","マスタ","家族",,,,,,,,,,,,,,,,,,,,,,,,,,
"HM3014166","郵便番号_家族_8","郵便番号（家族）8人目","郵便番号（家族）8人目","マスタ","家族",,,,,,,,,,,,,,,,,,,,,,,,,,
"HM3014165","生年月日_家族_8","生年月日（家族）8人目","生年月日（家族）8人目","マスタ","家族",,,,,,,,,,,,,,,,,,,,,,,,,,
"HM3014164","続柄_家族_8_奉行","続柄（家族）8人目","続柄8人目","マスタ","家族",,,,,,,,,,"1",,,,,,,,,,,,,,,,
"HM3014163","性別_家族_8_奉行","性別（家族）8人目","性別（家族）8人目","マスタ","家族",,,,,,,,,,"1",,,,,,,,,,,,,,,,
"HM3014162","氏名_家族_8","氏名（家族）8人目","氏名（家族）8人目","マスタ","家族",,,,,,,,,,,,,,,,,,,,,,,,,,
"HM3014161","フリガナ_家族_8","フリガナ（家族）8人目","フリガナ（家族）8人目","マスタ","家族",,,,,,,,,,,,,,,,,,,,,,,,,,
"HM3014159","死亡年月日_家族_7","死亡年月日（家族）7人目","死亡年月日（家族）7人目","マスタ","家族",,,,,,,,,,,,,,,,,,,,,,,,,,
"HM3014154","健保扶養区分_家族_7_奉行","健保扶養区分（家族）7人目","健保扶養区分（家族）7人目","マスタ","家族",,,,,,,,,,"1",,,,,,,,,,,,,,,,
"HM3014153","障害者区分_家族_7_奉行","障害者区分（家族）7人目","障害者区分（家族）7人目","マスタ","家族",,,,,,,,,,"1",,,,,,,,,,,,,,,,
"HM3014152","扶養区分_家族_7_奉行","扶養区分（家族）7人目","扶養区分（家族）7人目","マスタ","家族",,,,,,,,,,"1",,,,,,,,,,,,,,,,
"HM3014151","同居区分_家族_7_奉行","同居区分（家族）7人目","同居区分（家族）7人目","マスタ","家族",,,,,,,,,,"1",,,,,,,,,,,,,,,,
"HM3014150","居住者区分_家族_7_奉行","居住者区分（家族）7人目","居住者区分（家族）7人目","マスタ","家族",,,,,,,,,,"1",,,,,,,,,,,,,,,,
"HM3014147","住所_家族_7","住所（家族）7人目","住所（家族）7人目","マスタ","家族",,,,,,,,,,,,,,,,,,,,,,,,,,
"HM3014146","郵便番号_家族_7","郵便番号（家族）7人目","郵便番号（家族）7人目","マスタ","家族",,,,,,,,,,,,,,,,,,,,,,,,,,
"HM3014145","生年月日_家族_7","生年月日（家族）7人目","生年月日（家族）7人目","マスタ","家族",,,,,,,,,,,,,,,,,,,,,,,,,,
"HM3014144","続柄_家族_7_奉行","続柄（家族）7人目","続柄7人目","マスタ","家族",,,,,,,,,,"1",,,,,,,,,,,,,,,,
"HM3014143","性別_家族_7_奉行","性別（家族）7人目","性別（家族）7人目","マスタ","家族",,,,,,,,,,"1",,,,,,,,,,,,,,,,
"HM3014142","氏名_家族_7","氏名（家族）7人目","氏名（家族）7人目","マスタ","家族",,,,,,,,,,,,,,,,,,,,,,,,,,
"HM3014141","フリガナ_家族_7","フリガナ（家族）7人目","フリガナ（家族）7人目","マスタ","家族",,,,,,,,,,,,,,,,,,,,,,,,,,
"HM3014139","死亡年月日_家族_6","死亡年月日（家族）6人目","死亡年月日（家族）6人目","マスタ","家族",,,,,,,,,,,,,,,,,,,,,,,,,,
"HM3014134","健保扶養区分_家族_6_奉行","健保扶養区分（家族）6人目","健保扶養区分（家族）6人目","マスタ","家族",,,,,,,,,,"1",,,,,,,,,,,,,,,,
"HM3014133","障害者区分_家族_6_奉行","障害者区分（家族）6人目","障害者区分（家族）6人目","マスタ","家族",,,,,,,,,,"1",,,,,,,,,,,,,,,,
"HM3014132","扶養区分_家族_6_奉行","扶養区分（家族）6人目","扶養区分（家族）6人目","マスタ","家族",,,,,,,,,,"1",,,,,,,,,,,,,,,,
"HM3014131","同居区分_家族_6_奉行","同居区分（家族）6人目","同居区分（家族）6人目","マスタ","家族",,,,,,,,,,"1",,,,,,,,,,,,,,,,
"HM3014130","居住者区分_家族_6_奉行","居住者区分（家族）6人目","居住者区分（家族）6人目","マスタ","家族",,,,,,,,,,"1",,,,,,,,,,,,,,,,
"HM3014127","住所_家族_6","住所（家族）6人目","住所（家族）6人目","マスタ","家族",,,,,,,,,,,,,,,,,,,,,,,,,,
"HM3014126","郵便番号_家族_6","郵便番号（家族）6人目","郵便番号（家族）6人目","マスタ","家族",,,,,,,,,,,,,,,,,,,,,,,,,,
"HM3014125","生年月日_家族_6","生年月日（家族）6人目","生年月日（家族）6人目","マスタ","家族",,,,,,,,,,,,,,,,,,,,,,,,,,
"HM3014124","続柄_家族_6_奉行","続柄（家族）6人目","続柄6人目","マスタ","家族",,,,,,,,,,"1",,,,,,,,,,,,,,,,
"HM3014123","性別_家族_6_奉行","性別（家族）6人目","性別（家族）6人目","マスタ","家族",,,,,,,,,,"1",,,,,,,,,,,,,,,,
"HM3014122","氏名_家族_6","氏名（家族）6人目","氏名（家族）6人目","マスタ","家族",,,,,,,,,,,,,,,,,,,,,,,,,,
"HM3014121","フリガナ_家族_6","フリガナ（家族）6人目","フリガナ（家族）6人目","マスタ","家族",,,,,,,,,,,,,,,,,,,,,,,,,,
"HM3014119","死亡年月日_家族_5","死亡年月日（家族）5人目","死亡年月日（家族）5人目","マスタ","家族",,,,,,,,,,,,,,,,,,,,,,,,,,
"HM3014114","健保扶養区分_家族_5_奉行","健保扶養区分（家族）5人目","健保扶養区分（家族）5人目","マスタ","家族",,,,,,,,,,"1",,,,,,,,,,,,,,,,
"HM3014113","障害者区分_家族_5_奉行","障害者区分（家族）5人目","障害者区分（家族）5人目","マスタ","家族",,,,,,,,,,"1",,,,,,,,,,,,,,,,
"HM3014112","扶養区分_家族_5_奉行","扶養区分（家族）5人目","扶養区分（家族）5人目","マスタ","家族",,,,,,,,,,"1",,,,,,,,,,,,,,,,
"HM3014111","同居区分_家族_5_奉行","同居区分（家族）5人目","同居区分（家族）5人目","マスタ","家族",,,,,,,,,,"1",,,,,,,,,,,,,,,,
"HM3014110","居住者区分_家族_5_奉行","居住者区分（家族）5人目","居住者区分（家族）5人目","マスタ","家族",,,,,,,,,,"1",,,,,,,,,,,,,,,,
"HM3014107","住所_家族_5","住所（家族）5人目","住所（家族）5人目","マスタ","家族",,,,,,,,,,,,,,,,,,,,,,,,,,
"HM3014106","郵便番号_家族_5","郵便番号（家族）5人目","郵便番号（家族）5人目","マスタ","家族",,,,,,,,,,,,,,,,,,,,,,,,,,
"HM3014105","生年月日_家族_5","生年月日（家族）5人目","生年月日（家族）5人目","マスタ","家族",,,,,,,,,,,,,,,,,,,,,,,,,,
"HM3014104","続柄_家族_5_奉行","続柄（家族）5人目","続柄5人目","マスタ","家族",,,,,,,,,,"1",,,,,,,,,,,,,,,,
"HM3014103","性別_家族_5_奉行","性別（家族）5人目","性別（家族）5人目","マスタ","家族",,,,,,,,,,"1",,,,,,,,,,,,,,,,
"HM3014102","氏名_家族_5","氏名（家族）5人目","氏名（家族）5人目","マスタ","家族",,,,,,,,,,,,,,,,,,,,,,,,,,
"HM3014101","フリガナ_家族_5","フリガナ（家族）5人目","フリガナ（家族）5人目","マスタ","家族",,,,,,,,,,,,,,,,,,,,,,,,,,
"HM3014099","死亡年月日_家族_4","死亡年月日（家族）4人目","死亡年月日（家族）4人目","マスタ","家族",,,,,,,,,,,,,,,,,,,,,,,,,,
"HM3014094","健保扶養区分_家族_4_奉行","健保扶養区分（家族）4人目","健保扶養区分（家族）4人目","マスタ","家族",,,,,,,,,,"1",,,,,,,,,,,,,,,,
"HM3014093","障害者区分_家族_4_奉行","障害者区分（家族）4人目","障害者区分（家族）4人目","マスタ","家族",,,,,,,,,,"1",,,,,,,,,,,,,,,,
"HM3014092","扶養区分_家族_4_奉行","扶養区分（家族）4人目","扶養区分（家族）4人目","マスタ","家族",,,,,,,,,,"1",,,,,,,,,,,,,,,,
"HM3014091","同居区分_家族_4_奉行","同居区分（家族）4人目","同居区分（家族）4人目","マスタ","家族",,,,,,,,,,"1",,,,,,,,,,,,,,,,
"HM3014090","居住者区分_家族_4_奉行","居住者区分（家族）4人目","居住者区分（家族）4人目","マスタ","家族",,,,,,,,,,"1",,,,,,,,,,,,,,,,
"HM3014087","住所_家族_4","住所（家族）4人目","住所（家族）4人目","マスタ","家族",,,,,,,,,,,,,,,,,,,,,,,,,,
"HM3014086","郵便番号_家族_4","郵便番号（家族）4人目","郵便番号（家族）4人目","マスタ","家族",,,,,,,,,,,,,,,,,,,,,,,,,,
"HM3014085","生年月日_家族_4","生年月日（家族）4人目","生年月日（家族）4人目","マスタ","家族",,,,,,,,,,,,,,,,,,,,,,,,,,
"HM3014084","続柄_家族_4_奉行","続柄（家族）4人目","続柄4人目","マスタ","家族",,,,,,,,,,"1",,,,,,,,,,,,,,,,
"HM3014083","性別_家族_4_奉行","性別（家族）4人目","性別（家族）4人目","マスタ","家族",,,,,,,,,,"1",,,,,,,,,,,,,,,,
"HM3014082","氏名_家族_4","氏名（家族）4人目","氏名（家族）4人目","マスタ","家族",,,,,,,,,,,,,,,,,,,,,,,,,,
"HM3014081","フリガナ_家族_4","フリガナ（家族）4人目","フリガナ（家族）4人目","マスタ","家族",,,,,,,,,,,,,,,,,,,,,,,,,,
"HM3014079","死亡年月日_家族_3","死亡年月日（家族）3人目","死亡年月日（家族）3人目","マスタ","家族",,,,,,,,,,,,,,,,,,,,,,,,,,
"HM3014074","健保扶養区分_家族_3_奉行","健保扶養区分（家族）3人目","健保扶養区分（家族）3人目","マスタ","家族",,,,,,,,,,"1",,,,,,,,,,,,,,,,
"HM3014073","障害者区分_家族_3_奉行","障害者区分（家族）3人目","障害者区分（家族）3人目","マスタ","家族",,,,,,,,,,"1",,,,,,,,,,,,,,,,
"HM3014072","扶養区分_家族_3_奉行","扶養区分（家族）3人目","扶養区分（家族）3人目","マスタ","家族",,,,,,,,,,"1",,,,,,,,,,,,,,,,
"HM3014071","同居区分_家族_3_奉行","同居区分（家族）3人目","同居区分（家族）3人目","マスタ","家族",,,,,,,,,,"1",,,,,,,,,,,,,,,,
"HM3014070","居住者区分_家族_3_奉行","居住者区分（家族）3人目","居住者区分（家族）3人目","マスタ","家族",,,,,,,,,,"1",,,,,,,,,,,,,,,,
"HM3014067","住所_家族_3","住所（家族）3人目","住所（家族）3人目","マスタ","家族",,,,,,,,,,,,,,,,,,,,,,,,,,
"HM3014066","郵便番号_家族_3","郵便番号（家族）3人目","郵便番号（家族）3人目","マスタ","家族",,,,,,,,,,,,,,,,,,,,,,,,,,
"HM3014065","生年月日_家族_3","生年月日（家族）3人目","生年月日（家族）3人目","マスタ","家族",,,,,,,,,,,,,,,,,,,,,,,,,,
"HM3014064","続柄_家族_3_奉行","続柄（家族）3人目","続柄3人目","マスタ","家族",,,,,,,,,,"1",,,,,,,,,,,,,,,,
"HM3014063","性別_家族_3_奉行","性別（家族）3人目","性別（家族）3人目","マスタ","家族",,,,,,,,,,"1",,,,,,,,,,,,,,,,
"HM3014062","氏名_家族_3","氏名（家族）3人目","氏名（家族）3人目","マスタ","家族",,,,,,,,,,,,,,,,,,,,,,,,,,
"HM3014061","フリガナ_家族_3","フリガナ（家族）3人目","フリガナ（家族）3人目","マスタ","家族",,,,,,,,,,,,,,,,,,,,,,,,,,
"HM3014059","死亡年月日_家族_2","死亡年月日（家族）2人目","死亡年月日（家族）2人目","マスタ","家族",,,,,,,,,,,,,,,,,,,,,,,,,,
"HM3014054","健保扶養区分_家族_2_奉行","健保扶養区分（家族）2人目","健保扶養区分（家族）2人目","マスタ","家族",,,,,,,,,,"1",,,,,,,,,,,,,,,,
"HM3014053","障害者区分_家族_2_奉行","障害者区分（家族）2人目","障害者区分（家族）2人目","マスタ","家族",,,,,,,,,,"1",,,,,,,,,,,,,,,,
"HM3014052","扶養区分_家族_2_奉行","扶養区分（家族）2人目","扶養区分（家族）2人目","マスタ","家族",,,,,,,,,,"1",,,,,,,,,,,,,,,,
"HM3014051","同居区分_家族_2_奉行","同居区分（家族）2人目","同居区分（家族）2人目","マスタ","家族",,,,,,,,,,"1",,,,,,,,,,,,,,,,
"HM3014050","居住者区分_家族_2_奉行","居住者区分（家族）2人目","居住者区分（家族）2人目","マスタ","家族",,,,,,,,,,"1",,,,,,,,,,,,,,,,
"HM3014047","住所_家族_2","住所（家族）2人目","住所（家族）2人目","マスタ","家族",,,,,,,,,,,,,,,,,,,,,,,,,,
"HM3014046","郵便番号_家族_2","郵便番号（家族）2人目","郵便番号（家族）2人目","マスタ","家族",,,,,,,,,,,,,,,,,,,,,,,,,,
"HM3014045","生年月日_家族_2","生年月日（家族）2人目","生年月日（家族）2人目","マスタ","家族",,,,,,,,,,,,,,,,,,,,,,,,,,
"HM3014044","続柄_家族_2_奉行","続柄（家族）2人目","続柄2人目","マスタ","家族",,,,,,,,,,"1",,,,,,,,,,,,,,,,
"HM3014043","性別_家族_2_奉行","性別（家族）2人目","性別（家族）2人目","マスタ","家族",,,,,,,,,,"1",,,,,,,,,,,,,,,,
"HM3014042","氏名_家族_2","氏名（家族）2人目","氏名（家族）2人目","マスタ","家族",,,,,,,,,,,,,,,,,,,,,,,,,,
"HM3014041","フリガナ_家族_2","フリガナ（家族）2人目","フリガナ（家族）2人目","マスタ","家族",,,,,,,,,,,,,,,,,,,,,,,,,,
"HM3014039","死亡年月日_家族_1","死亡年月日（家族）1人目","死亡年月日（家族）1人目","マスタ","家族",,,,,,,,,,,,,,,,,,,,,,,,,,
"HM3014034","健保扶養区分_家族_1_奉行","健保扶養区分（家族）1人目","健保扶養区分（家族）1人目","マスタ","家族",,,,,,,,,,"1",,,,,,,,,,,,,,,,
"HM3014033","障害者区分_家族_1_奉行","障害者区分（家族）1人目","障害者区分（家族）1人目","マスタ","家族",,,,,,,,,,"1",,,,,,,,,,,,,,,,
"HM3014032","扶養区分_家族_1_奉行","扶養区分（家族）1人目","扶養区分（家族）1人目","マスタ","家族",,,,,,,,,,"1",,,,,,,,,,,,,,,,
"HM3014031","同居区分_家族_1_奉行","同居区分（家族）1人目","同居区分（家族）1人目","マスタ","家族",,,,,,,,,,"1",,,,,,,,,,,,,,,,
"HM3014030","居住者区分_家族_1_奉行","居住者区分（家族）1人目","居住者区分（家族）1人目","マスタ","家族",,,,,,,,,,"1",,,,,,,,,,,,,,,,
"HM3014027","住所_家族_1","住所（家族）1人目","住所（家族）1人目","マスタ","家族",,,,,,,,,,,,,,,,,,,,,,,,,,
"HM3014026","郵便番号_家族_1","郵便番号（家族）1人目","郵便番号（家族）1人目","マスタ","家族",,,,,,,,,,,,,,,,,,,,,,,,,,
"HM3014025","生年月日_家族_1","生年月日（家族）1人目","生年月日（家族）1人目","マスタ","家族",,,,,,,,,,,,,,,,,,,,,,,,,,
"HM3014024","続柄_家族_1_奉行","続柄（家族）1人目","続柄1人目","マスタ","家族",,,,,,,,,,"1",,,,,,,,,,,,,,,,
"HM3014023","性別_家族_1_奉行","性別（家族）1人目","性別（家族）1人目","マスタ","家族",,,,,,,,,,"1",,,,,,,,,,,,,,,,
"HM3014022","氏名_家族_1","氏名（家族）1人目","氏名（家族）1人目","マスタ","家族",,,,,,,,,,,,,,,,,,,,,,,,,,
"HM3014021","フリガナ_家族_1","フリガナ（家族）1人目","フリガナ（家族）1人目","マスタ","家族",,,,,,,,,,,,,,,,,,,,,,,,,,
"HM3014019","死亡年月日_配偶者","死亡年月日（配偶者）","死亡年月日（配偶者）","マスタ","配偶者",,,,,,,,,,,,,,,,,,,,,,,,,,
"HM3014014","健保扶養区分_配偶者_奉行","健保扶養区分（配偶者）","健保扶養区分（配偶者）","マスタ","配偶者",,,,,,,,,,"1",,,,,,,,,,,,,,,,
"HM3014013","障害者区分_配偶者_奉行","障害者区分（配偶者）","障害者区分（配偶者）","マスタ","配偶者",,,,,,,,,,"1",,,,,,,,,,,,,,,,
"HM3014011","同居区分_配偶者_奉行","同居区分（配偶者）","同居区分（配偶者）","マスタ","配偶者",,,,,,,,,,"1",,,,,,,,,,,,,,,,
"HM3014010","居住者区分_配偶者_奉行","居住者区分（配偶者）","居住者区分（配偶者）","マスタ","配偶者",,,,,,,,,,"1",,,,,,,,,,,,,,,,
"HM3014007","住所_配偶者","住所（配偶者）","住所（配偶者）","マスタ","配偶者",,,,,,,,,,,,,,,,,,,,,,,,,,
"HM3014006","郵便番号_配偶者","郵便番号（配偶者）","郵便番号（配偶者）","マスタ","配偶者",,,,,,,,,,,,,,,,,,,,,,,,,,
"HM3014005","生年月日_配偶者","生年月日（配偶者）","生年月日（配偶者）","マスタ","配偶者",,,,,,,,,,,,,,,,,,,,,,,,,,
"HM3014004","性別_配偶者_奉行","性別（配偶者）","性別（配偶者）","マスタ","配偶者",,,,,,,,,,"1",,,,,,,,,,,,,,,,
"HM3014003","氏名_配偶者","氏名（配偶者）","氏名（配偶者）","マスタ","配偶者",,,,,,,,,,,,,,,,,,,,,,,,,,
"HM3014002","フリガナ_配偶者","フリガナ（配偶者）","フリガナ（配偶者）","マスタ","配偶者",,,,,,,,,,,,,,,,,,,,,,,,,,
"HM3014001","配偶者有無_奉行","配偶者有無","配偶者の有無","マスタ","配偶者",,,,,,,,,,"1",,,,,,,,,,,,,,,,
"HM3011218","_5月分","５月分","５月分","マスタ","住民税",,,,,,,,,,,,,,,,,,,,,,,,,,
"HM3011217","_4月分","４月分","４月分","マスタ","住民税",,,,,,,,,,,,,,,,,,,,,,,,,,
"HM3011216","_3月分","３月分","３月分","マスタ","住民税",,,,,,,,,,,,,,,,,,,,,,,,,,
"HM3011215","_2月分","２月分","２月分","マスタ","住民税",,,,,,,,,,,,,,,,,,,,,,,,,,
"HM3011214","_1月分","１月分","１月分","マスタ","住民税",,,,,,,,,,,,,,,,,,,,,,,,,,
"HM3011213","_12月分","１２月分","１２月分","マスタ","住民税",,,,,,,,,,,,,,,,,,,,,,,,,,
"HM3011212","_11月分","１１月分","１１月分","マスタ","住民税",,,,,,,,,,,,,,,,,,,,,,,,,,
"HM3011211","_10月分","１０月分","１０月分","マスタ","住民税",,,,,,,,,,,,,,,,,,,,,,,,,,
"HM3011210","_9月分","９月分","９月分","マスタ","住民税",,,,,,,,,,,,,,,,,,,,,,,,,,
"HM3011209","_8月分","８月分","８月分","マスタ","住民税",,,,,,,,,,,,,,,,,,,,,,,,,,
"HM3011208","_7月分","７月分","７月分","マスタ","住民税",,,,,,,,,,,,,,,,,,,,,,,,,,
"HM3011207","_6月分","６月分","６月分","マスタ","住民税",,,,,,,,,,,,,,,,,,,,,,,,,,
"HM3011206","年税額","年税額","年税額","マスタ","住民税",,,,,,,,,,,,,,,,,,,,,,,,,,
"HM3011204","住民税徴収方法_奉行","住民税徴収方法","住民税徴収方法","マスタ","住民税",,,,,,,,,,,,,,,,,,,,,,,,,,
"HM3011202","提出先市町村","提出先市町村","提出先市町村","マスタ","住民税",,,,,,,,,,,,,,,,,,,,,,,,,,
"HM3011201","納付先市町村","納付先市町村","納付先市町村","マスタ","住民税",,,,,,,,,,,,,,,,,,,,,,,,,,
"HM3011007","居住者区分_奉行","居住者区分","居住者区分","マスタ","所得税",,,,,,,,,,"1",,,,,,,,,,,,,,,,
"HM3011006","外国人区分_奉行","外国人区分","外国人区分","マスタ","所得税",,,,,,,,,,"1",,,,,,,,,,,,,,,,
"HM3011005","災害者区分_奉行","災害者区分","災害者区分","マスタ","所得税",,,,,,,,,,"1",,,,,,,,,,,,,,,,
"HM3011003","勤労学生区分_奉行","勤労学生区分","勤労学生区分","マスタ","所得税",,,,,,,,,,"1",,,,,,,,,,,,,,,,
"HM3011002","障害者区分_奉行","障害者区分","障害者区分","マスタ","所得税",,,,,,,,,,"1",,,,,,,,,,,,,,,,
"HM3011001","寡婦_ひとり親区分_奉行","寡婦／ひとり親区分","寡婦／ひとり親区分","マスタ","所得税",,,,,,,,,,"1",,,,,,,,,,,,,,,,
"HM3010903","課税区分_奉行","課税区分","課税区分","マスタ","所得税",,,,,,,,,,"1",,,,,,,,,,,,,,,,
"HM3010809","資格喪失年月日_雇保","資格喪失年月日（雇保）","資格喪失年月日（雇保）","マスタ","労働保険",,,,,,,,,,,,,,,,,,,,,,,,,,
"HM3010808","資格取得年月日_雇保","資格取得年月日（雇保）","資格取得年月日（雇保）","マスタ","労働保険",,,,,,,,,,,,,,,,,,,,,,,,,,
"HM3010807","雇用保険番号","雇用保険番号","雇用保険番号","マスタ","労働保険",,,,,,,,,,,,,,,,,,,,,,,,,,
"HM3010806","雇用保険区分_奉行","雇用保険区分","雇用保険区分","マスタ","労働保険",,,,,,,,,,"1",,,,,,,,,,,,,,,,
"HM3010805","労災保険区分_奉行","労災保険区分","労災保険区分","マスタ","労働保険",,,,,,,,,,"1",,,,,,,,,,,,,,,,
"HM3010804","従業員区分_奉行","従業員区分","従業員区分","マスタ","労働保険",,,,,,,,,,"1",,,,,,,,,,,,,,,,
"HM3010728","厚年標準報酬","厚年標準報酬","厚年標準報酬","マスタ","社会保険",,,,,,,,,,,,,,,,,,,,,,,,,,
"HM3010725","資格喪失年月日_厚年","資格喪失年月日（厚年）","資格喪失年月日（厚年）","マスタ","社会保険",,,,,,,,,,,,,,,,,,,,,,,,,,
"HM3010724","資格取得年月日_厚年","資格取得年月日（厚年）","資格取得年月日（厚年）","マスタ","社会保険",,,,,,,,,,,,,,,,,,,,,,,,,,
"HM3010714","健保標準報酬","健保標準報酬","健保標準報酬","マスタ","社会保険",,,,,,,,,,,,,,,,,,,,,,,,,,
"HM3010710","資格喪失年月日_健保","資格喪失年月日（健保）","資格喪失年月日（健保）","マスタ","社会保険",,,,,,,,,,,,,,,,,,,,,,,,,,
"HM3010709","資格取得年月日_健保","資格取得年月日（健保）","資格取得年月日（健保）","マスタ","社会保険",,,,,,,,,,,,,,,,,,,,,,,,,,
"HM3010702","社保加入区分_奉行","社保加入区分","社保加入区分","マスタ","社会保険",,,,,,,,,,"1",,,,,,,,,,,,,,,,
"HM3010701","基礎年金番号","基礎年金番号","基礎年金番号","マスタ","社会保険",,,,,,,,,,,,,,,,,,,,,,,,,,
"HM3010621","口座名義_賞振2","口座名義（賞振２）","口座名義（賞振２）","マスタ","賞与振込口座２",,,,,,,,,,,,,,,,,,,,,,,,,,
"HM3010620","フリガナ_賞振2","フリガナ（賞振２）","フリガナ（賞振２）","マスタ","賞与振込口座２",,,,,,,,,,,,,,,,,,,,,,,,,,
"HM3010619","口座番号_賞振2","口座番号（賞振２）","口座番号（賞振２）","マスタ","賞与振込口座２",,,,,,,,,,,,,,,,,,,,,,,,,,
"HM3010618","預金種目_賞振2_奉行","預金種目（賞振２）","預金種目（賞振２）","マスタ","賞与振込口座２",,,,,,,,,,"1",,,,,,,,,,,,,,,,
"HM3010617","振込先支店_賞振2","振込先支店コード（賞振２）","振込先支店（賞振２）","マスタ","賞与振込口座２",,,,,,,,,,,,,,,,,,,,,,,,,,
"HM3010616","振込先銀行_賞振2","振込先銀行コード（賞振２）","振込先銀行（賞振２）","マスタ","賞与振込口座２",,,,,,,,,,,,,,,,,,,,,,,,,,
"HM3010614","支給率_賞振2","支給率（賞振２）","支給率（賞振２）","マスタ","賞与振込口座２",,,,,,,,,,,,,,,,,,,,,,,,,,
"HM3010613","固定金額_賞振2","固定金額（賞振２）","固定金額（賞振２）","マスタ","賞与振込口座２",,,,,,,,,,,,,,,,,,,,,,,,,,
"HM3010612","支給区分_賞振2_奉行","支給区分（賞振２）","支給区分（賞振２）","マスタ","賞与振込口座２",,,,,,,,,,"1",,,,,,,,,,,,,,,,
"HM3010611","口座名義_賞振1","口座名義（賞振１）","口座名義（賞振１）","マスタ","賞与振込口座１",,,,,,,,,,,,,,,,,,,,,,,,,,
"HM3010610","フリガナ_賞振1","フリガナ（賞振１）","フリガナ（賞振１）","マスタ","賞与振込口座１",,,,,,,,,,,,,,,,,,,,,,,,,,
"HM3010609","口座番号_賞振1","口座番号（賞振１）","口座番号（賞振１）","マスタ","賞与振込口座１",,,,,,,,,,,,,,,,,,,,,,,,,,
"HM3010608","預金種目_賞振1_奉行","預金種目（賞振１）","預金種目（賞振１）","マスタ","賞与振込口座１",,,,,,,,,,"1",,,,,,,,,,,,,,,,
"HM3010607","振込先支店_賞振1","振込先支店コード（賞振１）","振込先支店（賞振１）","マスタ","賞与振込口座１",,,,,,,,,,,,,,,,,,,,,,,,,,
"HM3010606","振込先銀行_賞振1","振込先銀行コード（賞振１）","振込先銀行（賞振１）","マスタ","賞与振込口座１",,,,,,,,,,,,,,,,,,,,,,,,,,
"HM3010604","支給率_賞振1","支給率（賞振１）","支給率（賞振１）","マスタ","賞与振込口座１",,,,,,,,,,,,,,,,,,,,,,,,,,
"HM3010603","固定金額_賞振1","固定金額（賞振１）","固定金額（賞振１）","マスタ","賞与振込口座１",,,,,,,,,,,,,,,,,,,,,,,,,,
"HM3010602","支給区分_賞振1_奉行","支給区分（賞振１）","支給区分（賞振１）","マスタ","賞与振込口座１",,,,,,,,,,"1",,,,,,,,,,,,,,,,
"HM3010521","口座名義_給振2","口座名義（給振２）","口座名義（給振２）","マスタ","給与振込口座２",,,,,,,,,,,,,,,,,,,,,,,,,,
"HM3010520","フリガナ_給振2","フリガナ（給振２）","フリガナ（給振２）","マスタ","給与振込口座２",,,,,,,,,,,,,,,,,,,,,,,,,,
"HM3010519","口座番号_給振2","口座番号（給振２）","口座番号（給振２）","マスタ","給与振込口座２",,,,,,,,,,,,,,,,,,,,,,,,,,
"HM3010518","預金種目_給振2_奉行","預金種目（給振２）","預金種目（給振２）","マスタ","給与振込口座２",,,,,,,,,,"1",,,,,,,,,,,,,,,,
"HM3010517","振込先支店_給振2","振込先支店コード（給振２）","振込先支店（給振２）","マスタ","給与振込口座２",,,,,,,,,,,,,,,,,,,,,,,,,,
"HM3010516","振込先銀行_給振2","振込先銀行コード（給振２）","振込先銀行（給振２）","マスタ","給与振込口座２",,,,,,,,,,,,,,,,,,,,,,,,,,
"HM3010514","支給率_給振2","支給率（給振２）","支給率（給振２）","マスタ","給与振込口座２",,,,,,,,,,,,,,,,,,,,,,,,,,
"HM3010513","固定金額_給振2","固定金額（給振２）","固定金額（給振２）","マスタ","給与振込口座２",,,,,,,,,,,,,,,,,,,,,,,,,,
"HM3010512","支給区分_給振2_奉行","支給区分（給振２）","支給区分（給振２）","マスタ","給与振込口座２",,,,,,,,,,"1",,,,,,,,,,,,,,,,
"HM3010511","口座名義_給振1","口座名義（給振１）","口座名義（給振１）","マスタ","給与振込口座１",,,,,,,,,,,,,,,,,,,,,,,,,,
"HM3010510","フリガナ_給振1","フリガナ（給振１）","フリガナ（給振１）","マスタ","給与振込口座１",,,,,,,,,,,,,,,,,,,,,,,,,,
"HM3010509","口座番号_給振1","口座番号（給振１）","口座番号（給振１）","マスタ","給与振込口座１",,,,,,,,,,,,,,,,,,,,,,,,,,
"HM3010508","預金種目_給振1_奉行","預金種目（給振１）","預金種目（給振１）","マスタ","給与振込口座１",,,,,,,,,,"1",,,,,,,,,,,,,,,,
"HM3010507","振込先支店_給振1","振込先支店コード（給振１）","振込先支店（給振１）","マスタ","給与振込口座１",,,,,,,,,,,,,,,,,,,,,,,,,,
"HM3010506","振込先銀行_給振1","振込先銀行コード（給振１）","振込先銀行（給振１）","マスタ","給与振込口座１",,,,,,,,,,,,,,,,,,,,,,,,,,
"HM3010504","支給率_給振1","支給率（給振１）","支給率（給振１）","マスタ","給与振込口座１",,,,,,,,,,,,,,,,,,,,,,,,,,
"HM3010503","固定金額_給振1","固定金額（給振１）","固定金額（給振１）","マスタ","給与振込口座１",,,,,,,,,,,,,,,,,,,,,,,,,,
"HM3010502","支給区分_給振1_奉行","支給区分（給振１）","支給区分（給振１）","マスタ","給与振込口座１",,,,,,,,,,"1",,,,,,,,,,,,,,,,
"HM3010440","片道距離","片道距離","片道距離","マスタ","通勤手当(車両)",,,,,,,,,,,,,,,,,,,,,,,,,,
"HM3010436","支給額2","支給額２","支給額２","マスタ","通勤手当(車両)",,,,,,,,,,,,,,,,,,,,,,,,,,
"HM3010435","支給開始月2","支給開始月２","支給開始月２","マスタ","通勤手当(車両)",,,,,,,,,,,,,,,,,,,,,,,,,,
"HM3010434","支給方法2_奉行","支給方法２","支給方法２","マスタ","通勤手当(車両)",,,,,,,,,,"1",,,,,,,,,,,,,,,,
"HM3010433","支給間隔2_奉行","支給間隔２","支給間隔２","マスタ","通勤手当(車両)",,,,,,,,,,"1",,,,,,,,,,,,,,,,
"HM3010412","支給額1","支給額１","支給額１","マスタ","通勤手当(公共交通機関)",,,,,,,,,,,,,,,,,,,,,,,,,,
"HM3010411","支給開始月1","支給開始月１","支給開始月１","マスタ","通勤手当(公共交通機関)",,,,,,,,,,,,,,,,,,,,,,,,,,
"HM3010410","支給方法1_奉行","支給方法１","支給方法１","マスタ","通勤手当(公共交通機関)",,,,,,,,,,"1",,,,,,,,,,,,,,,,
"HM3010409","支給間隔1_奉行","支給間隔１","支給間隔１","マスタ","通勤手当(公共交通機関)",,,,,,,,,,"1",,,,,,,,,,,,,,,,
"HM3010035","メールアドレス1","メールアドレス1","個人用e-Mail１","マスタ","基本情報",,,,,,,,,,,,,,,,,,,,,,,,,,
"HM3010013","退職年月日","退職年月日","退職年月日","マスタ","",,,,,,,,,,,,,,,,,,,,,,,,,,
"HM3010011","入社年月日","入社年月日","入社年月日","マスタ","",,,,,,,,,,,,,,,,,,,,,,,,,,
"HM3010010","生年月日","生年月日","生年月日","マスタ","",,,,,,,,,,,,,,,,,,,,,,,,,,
"HM3010008","性別_奉行","性別","性別","マスタ","",,,,,,,,,,"1",,,,,,,,,,,,,,,,
"HM3010005","雇用区分_奉行","雇用区分","雇用区分","マスタ","",,,,,,,,,,"1",,,,,,,,,,,,,,,,
"HM3010003","氏名","氏名","氏名","マスタ","氏名",,,,,,,,,,,,,,,,,,,,,,,,,,
"HM3010002","氏名_フリガナ","氏名(フリガナ)","氏名(フリガナ)","マスタ","氏名",,,,,,,,,,,,,,,,,,,,,,,,,,
"HM3010001","社員番号","社員番号","社員番号","共通","",,,,,,,,,,,,,,,,,,,,,,,,,,
