"É}ÉXÉ^ãÊï™","SEQ","åŸópãÊï™","ããó^í˜ì˙","ê´ï ","çëì‡äOãÊï™","ããó^ãÊï™","â€ê≈ãÊï™","ãèèZé“ãÊï™","ìØãèãÊï™","ï}ó{ãÊï™","è·äQé“ãÊï™","åíï€ï}ó{ãÊï™","â«ïwÅ^Ç–Ç∆ÇËêeãÊï™","ãŒòJäwê∂ãÊï™","ç–äQé“ãÊï™","äOçëêlãÊï™","é–ï€â¡ì¸ãÊï™","è]ã∆àıãÊï™","òJç–ï€åØãÊï™","åŸópï€åØãÊï™","èZñØê≈í•é˚ï˚ñ@","éxããä‘äu","éxããï˚ñ@","éxãããÊï™","óaã‡éÌñ⁄","îzãÙé“ÇÃóLñ≥","ï}ó{ãÊï™_â∆ë∞","èäëÆãÊï™","ããó^ëÃån","ë±ïø","ãxêEéñóR","íºånë∏ëÆ","ïÚçsïœä∑óp","í˜ì˙ëIë","âûïÂêEéÌ","ì¸é–ãÊï™","çÃópåoòH","ç≈èIäwó","ç≈èIäwóèÛãµ","å_ñÒãÊï™","òJì≠éûä‘","énã∆éûä‘","èAã∆éûä‘","ãxåeéûä‘","ãxåeéûä‘ÅiénÅj","ãxåeéûä‘ÅièIÅj","îNéüóLãããxâ…","ãxì˙","ÇªÇÃëºÇÃãxâ…ÅióLããÅj","ÇªÇÃëºÇÃãxâ…Åiñ≥ããÅj","èäíËäOï‚ë´","ëﬁêEãKíË","ÇªÇÃëºãKíË","ÇªÇÃëºí¿ã‡ãKíË","ãŒñ±ín","ñêE","ãŒñ±ãÊï™","ããó^å`ë‘","ã∆ñ±ì‡óe","èäëÆTEL","èäëÆ","ïîñÂïîèêÉRÅ[Éh","ëgêDê≥éÆñº","ëÊàÍäKëwÉRÅ[Éh","ëÊàÍäKëw","ëÊìÒäKëwÉRÅ[Éh","ëÊìÒäKëw","ëÊéOäKëwÉRÅ[Éh","ëÊéOäKëw","ìXï‹âcã∆éûä‘","ínàÊéËìñ","äÓñ{éûãã","ñæç◊ñº","èäíËãÊï™","ï‚ë´","åí éËíi","âÔé–ñº","âÔé–ó™èÃ","âÔé–ñºÉJÉi","âÔé–óXï÷î‘çÜ","âÔé–èZèä","âÔé–èZèäÉJÉi","âÔé–ë„ï\é“åhèÃ","âÔé–ë„ï\é“ñº","âÔé–ìdòbî‘çÜ","âÔé–FAX","âÔé–ê›óßîNåéì˙","èëóﬁéÛïtíSìñïîèêñº","èëóﬁéÛïtêÊìdòbî‘çÜ","èëóﬁéÛïtíSìñé“ñº","åíï€èÿãLçÜ","ï€åØé“î‘çÜ","ÉâÉCÉZÉìÉXÉLÅ[Åiï“èWïsâ¬Åj","ÉVÉXÉeÉÄóòópÉtÉBÅ[ÉãÉhÅiï“èWïsâ¬Åj","ããó^éxãã1","ããó^éxãã2","ããó^éxãã3","ããó^éxãã4","ããó^éxãã5","ããó^éxãã6","ããó^éxãã7","ããó^éxãã8","ããó^éxãã9","ããó^éxãã10","ããó^éxãã11","ããó^éxãã12","ããó^éxãã13","ããó^éxãã14","ããó^éxãã15","ããó^éxãã16","ããó^éxãã17","ããó^éxì‡1","ããó^éxì‡2","ããó^éxì‡3","ããó^éxì‡4","ããó^éxì‡5","ããó^éxì‡6","ããó^éxì‡7","ããó^éxì‡8","ããó^éxì‡9","ããó^éxì‡10","ããó^çTèú7","ããó^çTèú8","ããó^çTèú9","ããó^çTèú10","ããó^çTèú11","ããó^çTèú12","ããó^çTèú13","ããó^çTèú14","ããó^çTèú15","ããó^çTèú16","ããó^çTèú17","ããó^çTèú18","ããó^çTèú19","ããó^çTèú20","ããó^çTì‡1","ããó^çTì‡2","ããó^çTì‡3","ããó^çTì‡4","ããó^çTì‡5","ããó^çTì‡6","ããó^çTì‡7","ããó^çTì‡8","ããó^çTì‡9","ããó^çTì‡10","êEéÌ"
"ãxêEéñóR","4","","","","","","","","","","","","","","","","","","","","","","","","","","","","","","éæïaãxâ…","","05","","","","","","","","","","","","","","","","","","","","","","","","","","","","","","","","","","","","","","","","","","","","","","","","","","","","","","","","","","","","","","","","","","","","","","","","","","","","","","","","","","","","","","","","","","","","","","","","","","","","","","","","","","","","","","","","",""
"ãxêEéñóR","3","","","","","","","","","","","","","","","","","","","","","","","","","","","","","","éqÇÃä≈åÏãxâ…","","04","","","","","","","","","","","","","","","","","","","","","","","","","","","","","","","","","","","","","","","","","","","","","","","","","","","","","","","","","","","","","","","","","","","","","","","","","","","","","","","","","","","","","","","","","","","","","","","","","","","","","","","","","","","","","","","","",""
"ãxêEéñóR","2","","","","","","","","","","","","","","","","","","","","","","","","","","","","","","éYëOéYå„ãxã∆","","03","","","","","","","","","","","","","","","","","","","","","","","","","","","","","","","","","","","","","","","","","","","","","","","","","","","","","","","","","","","","","","","","","","","","","","","","","","","","","","","","","","","","","","","","","","","","","","","","","","","","","","","","","","","","","","","","",""
"ãxêEéñóR","1","","","","","","","","","","","","","","","","","","","","","","","","","","","","","","âÓåÏãxã∆","","02","","","","","","","","","","","","","","","","","","","","","","","","","","","","","","","","","","","","","","","","","","","","","","","","","","","","","","","","","","","","","","","","","","","","","","","","","","","","","","","","","","","","","","","","","","","","","","","","","","","","","","","","","","","","","","","","",""
"ãxêEéñóR","0","","","","","","","","","","","","","","","","","","","","","","","","","","","","","","àÁéôãxã∆","","01","","","","","","","","","","","","","","","","","","","","","","","","","","","","","","","","","","","","","","","","","","","","","","","","","","","","","","","","","","","","","","","","","","","","","","","","","","","","","","","","","","","","","","","","","","","","","","","","","","","","","","","","","","","","","","","","",""
"ë±ïø","18","","","","","","","","","","","","","","","","","","","","","","","","","","","","","ÇªÇÃëº","","0","","","","","","","","","","","","","","","","","","","","","","","","","","","","","","","","","","","","","","","","","","","","","","","","","","","","","","","","","","","","","","","","","","","","","","","","","","","","","","","","","","","","","","","","","","","","","","","","","","","","","","","","","","","","","","","","","",""
"ë±ïø","17","","","","","","","","","","","","","","","","","","","","","","","","","","","","","èfïÉ","","0","","","","","","","","","","","","","","","","","","","","","","","","","","","","","","","","","","","","","","","","","","","","","","","","","","","","","","","","","","","","","","","","","","","","","","","","","","","","","","","","","","","","","","","","","","","","","","","","","","","","","","","","","","","","","","","","","",""
"ë±ïø","16","","","","","","","","","","","","","","","","","","","","","","","","","","","","","ã`ïÍ","","0","","","","","","","","","","","","","","","","","","","","","","","","","","","","","","","","","","","","","","","","","","","","","","","","","","","","","","","","","","","","","","","","","","","","","","","","","","","","","","","","","","","","","","","","","","","","","","","","","","","","","","","","","","","","","","","","","",""
"ë±ïø","15","","","","","","","","","","","","","","","","","","","","","","","","","","","","","ã`ïÉ","","0","","","","","","","","","","","","","","","","","","","","","","","","","","","","","","","","","","","","","","","","","","","","","","","","","","","","","","","","","","","","","","","","","","","","","","","","","","","","","","","","","","","","","","","","","","","","","","","","","","","","","","","","","","","","","","","","","",""
"ë±ïø","14","","","","","","","","","","","","","","","","","","","","","","","","","","","","","éOèó","","1","","","","","","","","","","","","","","","","","","","","","","","","","","","","","","","","","","","","","","","","","","","","","","","","","","","","","","","","","","","","","","","","","","","","","","","","","","","","","","","","","","","","","","","","","","","","","","","","","","","","","","","","","","","","","","","","","",""
"ë±ïø","13","","","","","","","","","","","","","","","","","","","","","","","","","","","","","éOíj","","1","","","","","","","","","","","","","","","","","","","","","","","","","","","","","","","","","","","","","","","","","","","","","","","","","","","","","","","","","","","","","","","","","","","","","","","","","","","","","","","","","","","","","","","","","","","","","","","","","","","","","","","","","","","","","","","","","",""
"ë±ïø","12","","","","","","","","","","","","","","","","","","","","","","","","","","","","","éüèó","","1","","","","","","","","","","","","","","","","","","","","","","","","","","","","","","","","","","","","","","","","","","","","","","","","","","","","","","","","","","","","","","","","","","","","","","","","","","","","","","","","","","","","","","","","","","","","","","","","","","","","","","","","","","","","","","","","","",""
"ë±ïø","11","","","","","","","","","","","","","","","","","","","","","","","","","","","","","éüíj","","1","","","","","","","","","","","","","","","","","","","","","","","","","","","","","","","","","","","","","","","","","","","","","","","","","","","","","","","","","","","","","","","","","","","","","","","","","","","","","","","","","","","","","","","","","","","","","","","","","","","","","","","","","","","","","","","","","",""
"ë±ïø","10","","","","","","","","","","","","","","","","","","","","","","","","","","","","","í∑èó","","1","","","","","","","","","","","","","","","","","","","","","","","","","","","","","","","","","","","","","","","","","","","","","","","","","","","","","","","","","","","","","","","","","","","","","","","","","","","","","","","","","","","","","","","","","","","","","","","","","","","","","","","","","","","","","","","","","",""
"ë±ïø","9","","","","","","","","","","","","","","","","","","","","","","","","","","","","","í∑íj","","1","","","","","","","","","","","","","","","","","","","","","","","","","","","","","","","","","","","","","","","","","","","","","","","","","","","","","","","","","","","","","","","","","","","","","","","","","","","","","","","","","","","","","","","","","","","","","","","","","","","","","","","","","","","","","","","","","",""
"ë±ïø","8","","","","","","","","","","","","","","","","","","","","","","","","","","","","","åZ","","0","","","","","","","","","","","","","","","","","","","","","","","","","","","","","","","","","","","","","","","","","","","","","","","","","","","","","","","","","","","","","","","","","","","","","","","","","","","","","","","","","","","","","","","","","","","","","","","","","","","","","","","","","","","","","","","","","",""
"ë±ïø","7","","","","","","","","","","","","","","","","","","","","","","","","","","","","","éo","","0","","","","","","","","","","","","","","","","","","","","","","","","","","","","","","","","","","","","","","","","","","","","","","","","","","","","","","","","","","","","","","","","","","","","","","","","","","","","","","","","","","","","","","","","","","","","","","","","","","","","","","","","","","","","","","","","","",""
"ë±ïø","6","","","","","","","","","","","","","","","","","","","","","","","","","","","","","ëcïÍ","","1","","","","","","","","","","","","","","","","","","","","","","","","","","","","","","","","","","","","","","","","","","","","","","","","","","","","","","","","","","","","","","","","","","","","","","","","","","","","","","","","","","","","","","","","","","","","","","","","","","","","","","","","","","","","","","","","","",""
"ë±ïø","5","","","","","","","","","","","","","","","","","","","","","","","","","","","","","ëcïÉ","","1","","","","","","","","","","","","","","","","","","","","","","","","","","","","","","","","","","","","","","","","","","","","","","","","","","","","","","","","","","","","","","","","","","","","","","","","","","","","","","","","","","","","","","","","","","","","","","","","","","","","","","","","","","","","","","","","","",""
"ë±ïø","4","","","","","","","","","","","","","","","","","","","","","","","","","","","","","íÌ","","0","","","","","","","","","","","","","","","","","","","","","","","","","","","","","","","","","","","","","","","","","","","","","","","","","","","","","","","","","","","","","","","","","","","","","","","","","","","","","","","","","","","","","","","","","","","","","","","","","","","","","","","","","","","","","","","","","",""
"ë±ïø","3","","","","","","","","","","","","","","","","","","","","","","","","","","","","","ñÖ","","0","","","","","","","","","","","","","","","","","","","","","","","","","","","","","","","","","","","","","","","","","","","","","","","","","","","","","","","","","","","","","","","","","","","","","","","","","","","","","","","","","","","","","","","","","","","","","","","","","","","","","","","","","","","","","","","","","",""
"ë±ïø","2","","","","","","","","","","","","","","","","","","","","","","","","","","","","","ïÍ","","1","","","","","","","","","","","","","","","","","","","","","","","","","","","","","","","","","","","","","","","","","","","","","","","","","","","","","","","","","","","","","","","","","","","","","","","","","","","","","","","","","","","","","","","","","","","","","","","","","","","","","","","","","","","","","","","","","",""
"ë±ïø","1","","","","","","","","","","","","","","","","","","","","","","","","","","","","","ïÉ","","1","","","","","","","","","","","","","","","","","","","","","","","","","","","","","","","","","","","","","","","","","","","","","","","","","","","","","","","","","","","","","","","","","","","","","","","","","","","","","","","","","","","","","","","","","","","","","","","","","","","","","","","","","","","","","","","","","",""
"ë±ïø","0","","","","","","","","","","","","","","","","","","","","","","","","","","","","","éq","","0","","","","","","","","","","","","","","","","","","","","","","","","","","","","","","","","","","","","","","","","","","","","","","","","","","","","","","","","","","","","","","","","","","","","","","","","","","","","","","","","","","","","","","","","","","","","","","","","","","","","","","","","","","","","","","","","","",""
"ããó^ëÃån","6","","","","","","","","","","","","","","","","","","","","","","","","","","","","â^ëó","","","","","","","","","","","","","","","","","","","","","","","","","","","","","","","","","","","","","","","","","","","","","","","","","","","","","","","","","","","","","","","","","","","","","","","","","","","","","","","","","","","","","","","","","","","","","","","","","","","","","","","","","","","","","","","","","","","","",""
"ããó^ëÃån","5","","","","","","","","","","","","","","","","","","","","","","","","","","","","ñàı","","","","","","","","","","","","","","","","","","","","","","","","","","","","","","","","","","","","","","","","","","","","","","","","","","","","","","","","","","","","","","","","","","","","","","","","","","","","","","","","","","","","","","","","","","","","","","","","","","","","","","","","","","","","","","","","","","","","",""
"ããó^ëÃån","4","","","","","","","","","","","","","","","","","","","","","","","","","","","","ãZî\é¿èKê∂","","","","","","","","","","","","","","","","","","","","","","","","","","","","","","","","","","","","","","","","","","","","","","","","","","","","","","","","","","","","","","","","","","","","","","","","","","","","","","","","","","","","","","","","","","","","","","","","","","","","","","","","","","","","","","","","","","","","",""
"ããó^ëÃån","3","","","","","","","","","","","","","","","","","","","","","","","","","","","","ÉpÅ[ÉgÉ^ÉCÉ}Å[","","","","","","","","","","","","","","","","","","","","","","","","","","","","","","","","","","","","","","","","","","","","","","","","","","","","","","","","","","","","","","","","","","","","","","","","","","","","","","","","","","","","","","","","","","","","","","","","","","","","","","","","","","","","","","","","","","","","",""
"ããó^ëÃån","2","","","","","","","","","","","","","","","","","","","","","","","","","","","","è˙ëıé–àı","","","","","","","","","","","","","","","","","","","","","","","","","","","","","","","","","","","","","","","","","","","","","","","","","","","","","","","","","","","","","","","","","","","","","","","","","","","","","","","","","","","","","","","","","","","","","","","","","","","","","","","","","","","","","","","","","","","","",""
"ããó^ëÃån","1","","","","","","","","","","","","","","","","","","","","","","","","","","","","å_ñÒé–àı","","","","","","","","","","","","","","","","","","","","","","","","","","","","","","","","","","","","","","","","","","","","","","","","","","","","","","","","","","","","","","","","","","","","","","","","","","","","","","","","","","","","","","","","","","","","","","","","","","","","","","","","","","","","","","","","","","","","",""
"ããó^ëÃån","0","","","","","","","","","","","","","","","","","","","","","","","","","","","","ê≥é–àı","","","","","","","","","","","","","","","","","","","","","","","","","","","","","","","","","","","","","","","","","","","","","","","","","","","","","","","","","","","","","","","","","","","","","","","","","","","","","","","","","","","","","","","","","","","","","","","","","","","","","","","","","","","","","","","","","","","","",""
"èäëÆãÊï™","7","","","","","","","","","","","","","","","","","","","","","","","","","","","êªë¢ïîì»ñÿçHèÍ","","","","","","","","","","","","","","","","","","","","","","","","","","","","","","","","","","","","","","","","","","","","","","","","","","","","","","","","","","","","","","","","","","","","","","","","","","","","","","","","","","","","","","","","","","","","","","","","","","","","","","","","","","","","","","","","","","","","","",""
"èäëÆãÊï™","6","","","","","","","","","","","","","","","","","","","","","","","","","","","êªë¢ïîMCI","","","","","","","","","","","","","","","","","","","","","","","","","","","","","","","","","","","","","","","","","","","","","","","","","","","","","","","","","","","","","","","","","","","","","","","","","","","","","","","","","","","","","","","","","","","","","","","","","","","","","","","","","","","","","","","","","","","","","",""
"èäëÆãÊï™","5","","","","","","","","","","","","","","","","","","","","","","","","","","","êªë¢ïîìﬁó«çHèÍ","","","","","","","","","","","","","","","","","","","","","","","","","","","","","","","","","","","","","","","","","","","","","","","","","","","","","","","","","","","","","","","","","","","","","","","","","","","","","","","","","","","","","","","","","","","","","","","","","","","","","","","","","","","","","","","","","","","","","",""
"èäëÆãÊï™","4","","","","","","","","","","","","","","","","","","","","","","","","","","","êªë¢ïîñ{é–çHèÍ","","","","","","","","","","","","","","","","","","","","","","","","","","","","","","","","","","","","","","","","","","","","","","","","","","","","","","","","","","","","","","","","","","","","","","","","","","","","","","","","","","","","","","","","","","","","","","","","","","","","","","","","","","","","","","","","","","","","","",""
"èäëÆãÊï™","3","","","","","","","","","","","","","","","","","","","","","","","","","","","êªë¢ïî","","","","","","","","","","","","","","","","","","","","","","","","","","","","","","","","","","","","","","","","","","","","","","","","","","","","","","","","","","","","","","","","","","","","","","","","","","","","","","","","","","","","","","","","","","","","","","","","","","","","","","","","","","","","","","","","","","","","","",""
"èäëÆãÊï™","2","","","","","","","","","","","","","","","","","","","","","","","","","","","ãZèpïî","","","","","","","","","","","","","","","","","","","","","","","","","","","","","","","","","","","","","","","","","","","","","","","","","","","","","","","","","","","","","","","","","","","","","","","","","","","","","","","","","","","","","","","","","","","","","","","","","","","","","","","","","","","","","","","","","","","","","",""
"èäëÆãÊï™","1","","","","","","","","","","","","","","","","","","","","","","","","","","","âcã∆ïî","","","","","","","","","","","","","","","","","","","","","","","","","","","","","","","","","","","","","","","","","","","","","","","","","","","","","","","","","","","","","","","","","","","","","","","","","","","","","","","","","","","","","","","","","","","","","","","","","","","","","","","","","","","","","","","","","","","","","",""
"èäëÆãÊï™","0","","","","","","","","","","","","","","","","","","","","","","","","","","","ä«óùïî","","","","","","","","","","","","","","","","","","","","","","","","","","","","","","","","","","","","","","","","","","","","","","","","","","","","","","","","","","","","","","","","","","","","","","","","","","","","","","","","","","","","","","","","","","","","","","","","","","","","","","","","","","","","","","","","","","","","","",""
"óaã‡éÌñ⁄","1","","","","","","","","","","","","","","","","","","","","","","","","ìñç¿óaã‡","","","","","","","","2","","","","","","","","","","","","","","","","","","","","","","","","","","","","","","","","","","","","","","","","","","","","","","","","","","","","","","","","","","","","","","","","","","","","","","","","","","","","","","","","","","","","","","","","","","","","","","","","","","","","","","","","","","","","","","","","",""
"óaã‡éÌñ⁄","0","","","","","","","","","","","","","","","","","","","","","","","","ïÅí óaã‡","","","","","","","","1","","","","","","","","","","","","","","","","","","","","","","","","","","","","","","","","","","","","","","","","","","","","","","","","","","","","","","","","","","","","","","","","","","","","","","","","","","","","","","","","","","","","","","","","","","","","","","","","","","","","","","","","","","","","","","","","",""
"éxãããÊï™","4","","","","","","","","","","","","","","","","","","","","","","","écäz","","","","","","","","","4","","","","","","","","","","","","","","","","","","","","","","","","","","","","","","","","","","","","","","","","","","","","","","","","","","","","","","","","","","","","","","","","","","","","","","","","","","","","","","","","","","","","","","","","","","","","","","","","","","","","","","","","","","","","","","","","",""
"éxãããÊï™","3","","","","","","","","","","","","","","","","","","","","","","","íËó¶","","","","","","","","","3","","","","","","","","","","","","","","","","","","","","","","","","","","","","","","","","","","","","","","","","","","","","","","","","","","","","","","","","","","","","","","","","","","","","","","","","","","","","","","","","","","","","","","","","","","","","","","","","","","","","","","","","","","","","","","","","",""
"éxãããÊï™","2","","","","","","","","","","","","","","","","","","","","","","","íËäz","","","","","","","","","2","","","","","","","","","","","","","","","","","","","","","","","","","","","","","","","","","","","","","","","","","","","","","","","","","","","","","","","","","","","","","","","","","","","","","","","","","","","","","","","","","","","","","","","","","","","","","","","","","","","","","","","","","","","","","","","","",""
"éxãããÊï™","1","","","","","","","","","","","","","","","","","","","","","","","ëSäz","","","","","","","","","1","","","","","","","","","","","","","","","","","","","","","","","","","","","","","","","","","","","","","","","","","","","","","","","","","","","","","","","","","","","","","","","","","","","","","","","","","","","","","","","","","","","","","","","","","","","","","","","","","","","","","","","","","","","","","","","","",""
"éxãããÊï™","0","","","","","","","","","","","","","","","","","","","","","","","ñ¢ê›íË","","","","","","","","","0","","","","","","","","","","","","","","","","","","","","","","","","","","","","","","","","","","","","","","","","","","","","","","","","","","","","","","","","","","","","","","","","","","","","","","","","","","","","","","","","","","","","","","","","","","","","","","","","","","","","","","","","","","","","","","","","",""
"éxããï˚ñ@","1","","","","","","","","","","","","","","","","","","","","","","åéäÑ","","","","","","","","","","1","","","","","","","","","","","","","","","","","","","","","","","","","","","","","","","","","","","","","","","","","","","","","","","","","","","","","","","","","","","","","","","","","","","","","","","","","","","","","","","","","","","","","","","","","","","","","","","","","","","","","","","","","","","","","","","","",""
"éxããï˚ñ@","0","","","","","","","","","","","","","","","","","","","","","","àÍäá","","","","","","","","","","0","","","","","","","","","","","","","","","","","","","","","","","","","","","","","","","","","","","","","","","","","","","","","","","","","","","","","","","","","","","","","","","","","","","","","","","","","","","","","","","","","","","","","","","","","","","","","","","","","","","","","","","","","","","","","","","","",""
"éxããä‘äu","4","","","","","","","","","","","","","","","","","","","","","ñàì˙","","","","","","","","","","","4","","","","","","","","","","","","","","","","","","","","","","","","","","","","","","","","","","","","","","","","","","","","","","","","","","","","","","","","","","","","","","","","","","","","","","","","","","","","","","","","","","","","","","","","","","","","","","","","","","","","","","","","","","","","","","","","",""
"éxããä‘äu","3","","","","","","","","","","","","","","","","","","","","","ÇUÉïåé","","","","","","","","","","","3","","","","","","","","","","","","","","","","","","","","","","","","","","","","","","","","","","","","","","","","","","","","","","","","","","","","","","","","","","","","","","","","","","","","","","","","","","","","","","","","","","","","","","","","","","","","","","","","","","","","","","","","","","","","","","","","",""
"éxããä‘äu","2","","","","","","","","","","","","","","","","","","","","","ÇRÉïåé","","","","","","","","","","","2","","","","","","","","","","","","","","","","","","","","","","","","","","","","","","","","","","","","","","","","","","","","","","","","","","","","","","","","","","","","","","","","","","","","","","","","","","","","","","","","","","","","","","","","","","","","","","","","","","","","","","","","","","","","","","","","",""
"éxããä‘äu","1","","","","","","","","","","","","","","","","","","","","","ÇQÉïåé","","","","","","","","","","","1","","","","","","","","","","","","","","","","","","","","","","","","","","","","","","","","","","","","","","","","","","","","","","","","","","","","","","","","","","","","","","","","","","","","","","","","","","","","","","","","","","","","","","","","","","","","","","","","","","","","","","","","","","","","","","","","",""
"éxããä‘äu","0","","","","","","","","","","","","","","","","","","","","","ñàåé","","","","","","","","","","","0","","","","","","","","","","","","","","","","","","","","","","","","","","","","","","","","","","","","","","","","","","","","","","","","","","","","","","","","","","","","","","","","","","","","","","","","","","","","","","","","","","","","","","","","","","","","","","","","","","","","","","","","","","","","","","","","",""
"èZñØê≈í•é˚ï˚ñ@","1","","","","","","","","","","","","","","","","","","","","ïÅí í•é˚","","","","","","","","","","","","1","","","","","","","","","","","","","","","","","","","","","","","","","","","","","","","","","","","","","","","","","","","","","","","","","","","","","","","","","","","","","","","","","","","","","","","","","","","","","","","","","","","","","","","","","","","","","","","","","","","","","","","","","","","","","","","","",""
"èZñØê≈í•é˚ï˚ñ@","0","","","","","","","","","","","","","","","","","","","","ì¡ï í•é˚","","","","","","","","","","","","0","","","","","","","","","","","","","","","","","","","","","","","","","","","","","","","","","","","","","","","","","","","","","","","","","","","","","","","","","","","","","","","","","","","","","","","","","","","","","","","","","","","","","","","","","","","","","","","","","","","","","","","","","","","","","","","","",""
"åŸópï€åØãÊï™","1","","","","","","","","","","","","","","","","","","","åvéZÇ∑ÇÈ","","","","","","","","","","","","","1","","","","","","","","","","","","","","","","","","","","","","","","","","","","","","","","","","","","","","","","","","","","","","","","","","","","","","","","","","","","","","","","","","","","","","","","","","","","","","","","","","","","","","","","","","","","","","","","","","","","","","","","","","","","","","","","",""
"åŸópï€åØãÊï™","0","","","","","","","","","","","","","","","","","","","åvéZïsóv","","","","","","","","","","","","","0","","","","","","","","","","","","","","","","","","","","","","","","","","","","","","","","","","","","","","","","","","","","","","","","","","","","","","","","","","","","","","","","","","","","","","","","","","","","","","","","","","","","","","","","","","","","","","","","","","","","","","","","","","","","","","","","",""
"òJç–ï€åØãÊï™","1","","","","","","","","","","","","","","","","","","åvéZÇ∑ÇÈ","","","","","","","","","","","","","","1","","","","","","","","","","","","","","","","","","","","","","","","","","","","","","","","","","","","","","","","","","","","","","","","","","","","","","","","","","","","","","","","","","","","","","","","","","","","","","","","","","","","","","","","","","","","","","","","","","","","","","","","","","","","","","","","",""
"òJç–ï€åØãÊï™","0","","","","","","","","","","","","","","","","","","åvéZïsóv","","","","","","","","","","","","","","0","","","","","","","","","","","","","","","","","","","","","","","","","","","","","","","","","","","","","","","","","","","","","","","","","","","","","","","","","","","","","","","","","","","","","","","","","","","","","","","","","","","","","","","","","","","","","","","","","","","","","","","","","","","","","","","","",""
"è]ã∆àıãÊï™","3","","","","","","","","","","","","","","","","","ñàıåìè]ã∆àı","","","","","","","","","","","","","","","3","","","","","","","","","","","","","","","","","","","","","","","","","","","","","","","","","","","","","","","","","","","","","","","","","","","","","","","","","","","","","","","","","","","","","","","","","","","","","","","","","","","","","","","","","","","","","","","","","","","","","","","","","","","","","","","","",""
"è]ã∆àıãÊï™","2","","","","","","","","","","","","","","","","","ñàı","","","","","","","","","","","","","","","2","","","","","","","","","","","","","","","","","","","","","","","","","","","","","","","","","","","","","","","","","","","","","","","","","","","","","","","","","","","","","","","","","","","","","","","","","","","","","","","","","","","","","","","","","","","","","","","","","","","","","","","","","","","","","","","","",""
"è]ã∆àıãÊï™","1","","","","","","","","","","","","","","","","","è]ã∆àıÅió’éûÅj","","","","","","","","","","","","","","","1","","","","","","","","","","","","","","","","","","","","","","","","","","","","","","","","","","","","","","","","","","","","","","","","","","","","","","","","","","","","","","","","","","","","","","","","","","","","","","","","","","","","","","","","","","","","","","","","","","","","","","","","","","","","","","","","",""
"è]ã∆àıãÊï™","0","","","","","","","","","","","","","","","","","è]ã∆àıÅièÌópÅj","","","","","","","","","","","","","","","0","","","","","","","","","","","","","","","","","","","","","","","","","","","","","","","","","","","","","","","","","","","","","","","","","","","","","","","","","","","","","","","","","","","","","","","","","","","","","","","","","","","","","","","","","","","","","","","","","","","","","","","","","","","","","","","","",""
"é–ï€â¡ì¸ãÊï™","2","","","","","","","","","","","","","","","","ìÒà»è„","","","","","","","","","","","","","","","","2","","","","","","","","","","","","","","","","","","","","","","","","","","","","","","","","","","","","","","","","","","","","","","","","","","","","","","","","","","","","","","","","","","","","","","","","","","","","","","","","","","","","","","","","","","","","","","","","","","","","","","","","","","","","","","","","",""
"é–ï€â¡ì¸ãÊï™","1","","","","","","","","","","","","","","","","â¡ì¸","","","","","","","","","","","","","","","","1","","","","","","","","","","","","","","","","","","","","","","","","","","","","","","","","","","","","","","","","","","","","","","","","","","","","","","","","","","","","","","","","","","","","","","","","","","","","","","","","","","","","","","","","","","","","","","","","","","","","","","","","","","","","","","","","",""
"é–ï€â¡ì¸ãÊï™","0","","","","","","","","","","","","","","","","ñ¢â¡ì¸","","","","","","","","","","","","","","","","0","","","","","","","","","","","","","","","","","","","","","","","","","","","","","","","","","","","","","","","","","","","","","","","","","","","","","","","","","","","","","","","","","","","","","","","","","","","","","","","","","","","","","","","","","","","","","","","","","","","","","","","","","","","","","","","","",""
"äOçëêlãÊï™","1","","","","","","","","","","","","","","","äOçëêl","","","","","","","","","","","","","","","","","1","","","","","","","","","","","","","","","","","","","","","","","","","","","","","","","","","","","","","","","","","","","","","","","","","","","","","","","","","","","","","","","","","","","","","","","","","","","","","","","","","","","","","","","","","","","","","","","","","","","","","","","","","","","","","","","","",""
"äOçëêlãÊï™","0","","","","","","","","","","","","","","","ëŒè€äO","","","","","","","","","","","","","","","","","0","","","","","","","","","","","","","","","","","","","","","","","","","","","","","","","","","","","","","","","","","","","","","","","","","","","","","","","","","","","","","","","","","","","","","","","","","","","","","","","","","","","","","","","","","","","","","","","","","","","","","","","","","","","","","","","","",""
"ç–äQé“ãÊï™","1","","","","","","","","","","","","","","ç–äQé“","","","","","","","","","","","","","","","","","","1","","","","","","","","","","","","","","","","","","","","","","","","","","","","","","","","","","","","","","","","","","","","","","","","","","","","","","","","","","","","","","","","","","","","","","","","","","","","","","","","","","","","","","","","","","","","","","","","","","","","","","","","","","","","","","","","",""
"ç–äQé“ãÊï™","0","","","","","","","","","","","","","","ëŒè€äO","","","","","","","","","","","","","","","","","","0","","","","","","","","","","","","","","","","","","","","","","","","","","","","","","","","","","","","","","","","","","","","","","","","","","","","","","","","","","","","","","","","","","","","","","","","","","","","","","","","","","","","","","","","","","","","","","","","","","","","","","","","","","","","","","","","",""
"ãŒòJäwê∂ãÊï™","1","","","","","","","","","","","","","ãŒòJäwê∂","","","","","","","","","","","","","","","","","","","1","","","","","","","","","","","","","","","","","","","","","","","","","","","","","","","","","","","","","","","","","","","","","","","","","","","","","","","","","","","","","","","","","","","","","","","","","","","","","","","","","","","","","","","","","","","","","","","","","","","","","","","","","","","","","","","","",""
"ãŒòJäwê∂ãÊï™","0","","","","","","","","","","","","","ëŒè€äO","","","","","","","","","","","","","","","","","","","0","","","","","","","","","","","","","","","","","","","","","","","","","","","","","","","","","","","","","","","","","","","","","","","","","","","","","","","","","","","","","","","","","","","","","","","","","","","","","","","","","","","","","","","","","","","","","","","","","","","","","","","","","","","","","","","","",""
"â«ïw_Ç–Ç∆ÇËêeãÊï™","2","","","","","","","","","","","","Ç–Ç∆ÇËêe","","","","","","","","","","","","","","","","","","","","2","","","","","","","","","","","","","","","","","","","","","","","","","","","","","","","","","","","","","","","","","","","","","","","","","","","","","","","","","","","","","","","","","","","","","","","","","","","","","","","","","","","","","","","","","","","","","","","","","","","","","","","","","","","","","","","","",""
"â«ïw_Ç–Ç∆ÇËêeãÊï™","1","","","","","","","","","","","","â«ïw","","","","","","","","","","","","","","","","","","","","1","","","","","","","","","","","","","","","","","","","","","","","","","","","","","","","","","","","","","","","","","","","","","","","","","","","","","","","","","","","","","","","","","","","","","","","","","","","","","","","","","","","","","","","","","","","","","","","","","","","","","","","","","","","","","","","","",""
"â«ïw_Ç–Ç∆ÇËêeãÊï™","0","","","","","","","","","","","","ëŒè€äO","","","","","","","","","","","","","","","","","","","","0","","","","","","","","","","","","","","","","","","","","","","","","","","","","","","","","","","","","","","","","","","","","","","","","","","","","","","","","","","","","","","","","","","","","","","","","","","","","","","","","","","","","","","","","","","","","","","","","","","","","","","","","","","","","","","","","",""
"â∆ë∞Å@ï}ó{ãÊï™","5","","","","","","","","","","","","","","","","","","","","","","","","","","îNè≠ï}ó{","","","","","","9","","","","","","","","","","","","","","","","","","","","","","","","","","","","","","","","","","","","","","","","","","","","","","","","","","","","","","","","","","","","","","","","","","","","","","","","","","","","","","","","","","","","","","","","","","","","","","","","","","","","","","","","","","","","","","","","",""
"â∆ë∞Å@ï}ó{ãÊï™","4","","","","","","","","","","","","","","","","","","","","","","","","","","òVêeìô","","","","","","4","","","","","","","","","","","","","","","","","","","","","","","","","","","","","","","","","","","","","","","","","","","","","","","","","","","","","","","","","","","","","","","","","","","","","","","","","","","","","","","","","","","","","","","","","","","","","","","","","","","","","","","","","","","","","","","","",""
"â∆ë∞Å@ï}ó{ãÊï™","3","","","","","","","","","","","","","","","","","","","","","","","","","","òVêlï}ó{","","","","","","3","","","","","","","","","","","","","","","","","","","","","","","","","","","","","","","","","","","","","","","","","","","","","","","","","","","","","","","","","","","","","","","","","","","","","","","","","","","","","","","","","","","","","","","","","","","","","","","","","","","","","","","","","","","","","","","","",""
"â∆ë∞Å@ï}ó{ãÊï™","2","","","","","","","","","","","","","","","","","","","","","","","","","","ì¡íËï}ó{","","","","","","2","","","","","","","","","","","","","","","","","","","","","","","","","","","","","","","","","","","","","","","","","","","","","","","","","","","","","","","","","","","","","","","","","","","","","","","","","","","","","","","","","","","","","","","","","","","","","","","","","","","","","","","","","","","","","","","","",""
"â∆ë∞Å@ï}ó{ãÊï™","1","","","","","","","","","","","","","","","","","","","","","","","","","","àÍî ï}ó{","","","","","","1","","","","","","","","","","","","","","","","","","","","","","","","","","","","","","","","","","","","","","","","","","","","","","","","","","","","","","","","","","","","","","","","","","","","","","","","","","","","","","","","","","","","","","","","","","","","","","","","","","","","","","","","","","","","","","","","",""
"â∆ë∞Å@ï}ó{ãÊï™","0","","","","","","","","","","","","","","","","","","","","","","","","","","çTèúëŒè€äO","","","","","","0","","","","","","","","","","","","","","","","","","","","","","","","","","","","","","","","","","","","","","","","","","","","","","","","","","","","","","","","","","","","","","","","","","","","","","","","","","","","","","","","","","","","","","","","","","","","","","","","","","","","","","","","","","","","","","","","",""
"åíï€ï}ó{ãÊï™","1","","","","","","","","","","","â¡ì¸","","","","","","","","","","","","","","","","","","","","","1","","","","","","","","","","","","","","","","","","","","","","","","","","","","","","","","","","","","","","","","","","","","","","","","","","","","","","","","","","","","","","","","","","","","","","","","","","","","","","","","","","","","","","","","","","","","","","","","","","","","","","","","","","","","","","","","",""
"åíï€ï}ó{ãÊï™","0","","","","","","","","","","","ñ¢â¡ì¸","","","","","","","","","","","","","","","","","","","","","0","","","","","","","","","","","","","","","","","","","","","","","","","","","","","","","","","","","","","","","","","","","","","","","","","","","","","","","","","","","","","","","","","","","","","","","","","","","","","","","","","","","","","","","","","","","","","","","","","","","","","","","","","","","","","","","","",""
"îzãÙé“óLñ≥","1","","","","","","","","","","","","","","","","","","","","","","","","","îzãÙé“Ç†ÇË","","","","","","","1","","","","","","","","","","","","","","","","","","","","","","","","","","","","","","","","","","","","","","","","","","","","","","","","","","","","","","","","","","","","","","","","","","","","","","","","","","","","","","","","","","","","","","","","","","","","","","","","","","","","","","","","","","","","","","","","",""
"îzãÙé“óLñ≥","0","","","","","","","","","","","","","","","","","","","","","","","","","îzãÙé“Ç»Çµ","","","","","","","0","","","","","","","","","","","","","","","","","","","","","","","","","","","","","","","","","","","","","","","","","","","","","","","","","","","","","","","","","","","","","","","","","","","","","","","","","","","","","","","","","","","","","","","","","","","","","","","","","","","","","","","","","","","","","","","","",""
"è·äQé“ãÊï™","2","","","","","","","","","","ì¡ï è·äQé“","","","","","","","","","","","","","","","","","","","","","","2","","","","","","","","","","","","","","","","","","","","","","","","","","","","","","","","","","","","","","","","","","","","","","","","","","","","","","","","","","","","","","","","","","","","","","","","","","","","","","","","","","","","","","","","","","","","","","","","","","","","","","","","","","","","","","","","",""
"è·äQé“ãÊï™","1","","","","","","","","","","àÍî è·äQé“","","","","","","","","","","","","","","","","","","","","","","1","","","","","","","","","","","","","","","","","","","","","","","","","","","","","","","","","","","","","","","","","","","","","","","","","","","","","","","","","","","","","","","","","","","","","","","","","","","","","","","","","","","","","","","","","","","","","","","","","","","","","","","","","","","","","","","","",""
"è·äQé“ãÊï™","0","","","","","","","","","","ëŒè€äO","","","","","","","","","","","","","","","","","","","","","","0","","","","","","","","","","","","","","","","","","","","","","","","","","","","","","","","","","","","","","","","","","","","","","","","","","","","","","","","","","","","","","","","","","","","","","","","","","","","","","","","","","","","","","","","","","","","","","","","","","","","","","","","","","","","","","","","",""
"ï}ó{ãÊï™","1","","","","","","","","","åπêÚçTèúîzãÙ","","","","","","","","","","","","","","","","","","","","","","","1","","","","","","","","","","","","","","","","","","","","","","","","","","","","","","","","","","","","","","","","","","","","","","","","","","","","","","","","","","","","","","","","","","","","","","","","","","","","","","","","","","","","","","","","","","","","","","","","","","","","","","","","","","","","","","","","",""
"ï}ó{ãÊï™","0","","","","","","","","","çTèúëŒè€äO","","","","","","","","","","","","","","","","","","","","","","","0","","","","","","","","","","","","","","","","","","","","","","","","","","","","","","","","","","","","","","","","","","","","","","","","","","","","","","","","","","","","","","","","","","","","","","","","","","","","","","","","","","","","","","","","","","","","","","","","","","","","","","","","","","","","","","","","",""
"ìØãèãÊï™","1","","","","","","","","ìØãè","","","","","","","","","","","","","","","","","","","","","","","","1","","","","","","","","","","","","","","","","","","","","","","","","","","","","","","","","","","","","","","","","","","","","","","","","","","","","","","","","","","","","","","","","","","","","","","","","","","","","","","","","","","","","","","","","","","","","","","","","","","","","","","","","","","","","","","","","",""
"ìØãèãÊï™","0","","","","","","","","ëŒè€äO","","","","","","","","","","","","","","","","","","","","","","","","0","","","","","","","","","","","","","","","","","","","","","","","","","","","","","","","","","","","","","","","","","","","","","","","","","","","","","","","","","","","","","","","","","","","","","","","","","","","","","","","","","","","","","","","","","","","","","","","","","","","","","","","","","","","","","","","","",""
"ãèèZé“ãÊï™","1","","","","","","","îÒãèèZé“","","","","","","","","","","","","","","","","","","","","","","","","","1","","","","","","","","","","","","","","","","","","","","","","","","","","","","","","","","","","","","","","","","","","","","","","","","","","","","","","","","","","","","","","","","","","","","","","","","","","","","","","","","","","","","","","","","","","","","","","","","","","","","","","","","","","","","","","","","",""
"ãèèZé“ãÊï™","0","","","","","","","ãèèZé“","","","","","","","","","","","","","","","","","","","","","","","","","0","","","","","","","","","","","","","","","","","","","","","","","","","","","","","","","","","","","","","","","","","","","","","","","","","","","","","","","","","","","","","","","","","","","","","","","","","","","","","","","","","","","","","","","","","","","","","","","","","","","","","","","","","","","","","","","","",""
"â€ê≈ãÊï™","6","","","","","","â€ê≈ïsóv","","","","","","","","","","","","","","","","","","","","","","","","","","6","","","","","","","","","","","","","","","","","","","","","","","","","","","","","","","","","","","","","","","","","","","","","","","","","","","","","","","","","","","","","","","","","","","","","","","","","","","","","","","","","","","","","","","","","","","","","","","","","","","","","","","","","","","","","","","","",""
"â€ê≈ãÊï™","5","","","","","","îÒãèèZé“Å@","","","","","","","","","","","","","","","","","","","","","","","","","","5","","","","","","","","","","","","","","","","","","","","","","","","","","","","","","","","","","","","","","","","","","","","","","","","","","","","","","","","","","","","","","","","","","","","","","","","","","","","","","","","","","","","","","","","","","","","","","","","","","","","","","","","","","","","","","","","",""
"â€ê≈ãÊï™","4","","","","","","ïÒèV","","","","","","","","","","","","","","","","","","","","","","","","","","4","","","","","","","","","","","","","","","","","","","","","","","","","","","","","","","","","","","","","","","","","","","","","","","","","","","","","","","","","","","","","","","","","","","","","","","","","","","","","","","","","","","","","","","","","","","","","","","","","","","","","","","","","","","","","","","","",""
"â€ê≈ãÊï™","3","","","","","","ï∏óìÅiåvéZïsâ¬)","","","","","","","","","","","","","","","","","","","","","","","","","","3","","","","","","","","","","","","","","","","","","","","","","","","","","","","","","","","","","","","","","","","","","","","","","","","","","","","","","","","","","","","","","","","","","","","","","","","","","","","","","","","","","","","","","","","","","","","","","","","","","","","","","","","","","","","","","","","",""
"â€ê≈ãÊï™","2","","","","","","â≥óì","","","","","","","","","","","","","","","","","","","","","","","","","","2","","","","","","","","","","","","","","","","","","","","","","","","","","","","","","","","","","","","","","","","","","","","","","","","","","","","","","","","","","","","","","","","","","","","","","","","","","","","","","","","","","","","","","","","","","","","","","","","","","","","","","","","","","","","","","","","",""
"â€ê≈ãÊï™","1","","","","","","çbóì","","","","","","","","","","","","","","","","","","","","","","","","","","1","","","","","","","","","","","","","","","","","","","","","","","","","","","","","","","","","","","","","","","","","","","","","","","","","","","","","","","","","","","","","","","","","","","","","","","","","","","","","","","","","","","","","","","","","","","","","","","","","","","","","","","","","","","","","","","","",""
"â€ê≈ãÊï™","0","","","","","","åvéZïsóv","","","","","","","","","","","","","","","","","","","","","","","","","","0","","","","","","","","","","","","","","","","","","","","","","","","","","","","","","","","","","","","","","","","","","","","","","","","","","","","","","","","","","","","","","","","","","","","","","","","","","","","","","","","","","","","","","","","","","","","","","","","","","","","","","","","","","","","","","","","",""
"ããó^ãÊï™","3","","","","","ì˙ããÅ{éûãã","","","","","","","","","","","","","","","","","","","","","","","","","","","3","","","","","","","","","","","","","","","","","","","","","","","","","","","","","","","","","","","","","","","","","","","","","","","","","","","","","","","","","","","","","","","","","","","","","","","","","","","","","","","","","","","","","","","","","","","","","","","","","","","","","","","","","","","","","","","","",""
"ããó^ãÊï™","2","","","","","éûãã","","","","","","","","","","","","","","","","","","","","","","","","","","","2","","","","","","","","","","","","","","","","","","","","","","","","","","","","","","","","","","","","","","","","","","","","","","","","","","","","","","","","","","","","","","","","","","","","","","","","","","","","","","","","","","","","","","","","","","","","","","","","","","","","","","","","","","","","","","","","",""
"ããó^ãÊï™","1","","","","","ì˙ãã","","","","","","","","","","","","","","","","","","","","","","","","","","","1","","","","","","","","","","","","","","","","","","","","","","","","","","","","","","","","","","","","","","","","","","","","","","","","","","","","","","","","","","","","","","","","","","","","","","","","","","","","","","","","","","","","","","","","","","","","","","","","","","","","","","","","","","","","","","","","",""
"ããó^ãÊï™","0","","","","","åéãã","","","","","","","","","","","","","","","","","","","","","","","","","","","0","","","","","","","","","","","","","","","","","","","","","","","","","","","","","","","","","","","","","","","","","","","","","","","","","","","","","","","","","","","","","","","","","","","","","","","","","","","","","","","","","","","","","","","","","","","","","","","","","","","","","","","","","","","","","","","","",""
"çëì‡äOãÊï™","1","","","","çëäO","","","","","","","","","","","","","","","","","","","","","","","","","","","","1","","","","","","","","","","","","","","","","","","","","","","","","","","","","","","","","","","","","","","","","","","","","","","","","","","","","","","","","","","","","","","","","","","","","","","","","","","","","","","","","","","","","","","","","","","","","","","","","","","","","","","","","","","","","","","","","",""
"çëì‡äOãÊï™","0","","","","çëì‡","","","","","","","","","","","","","","","","","","","","","","","","","","","","0","","","","","","","","","","","","","","","","","","","","","","","","","","","","","","","","","","","","","","","","","","","","","","","","","","","","","","","","","","","","","","","","","","","","","","","","","","","","","","","","","","","","","","","","","","","","","","","","","","","","","","","","","","","","","","","","",""
"ê´ï ãÊï™","1","","","èóê´","","","","","","","","","","","","","","","","","","","","","","","","","","","","","1","","","","","","","","","","","","","","","","","","","","","","","","","","","","","","","","","","","","","","","","","","","","","","","","","","","","","","","","","","","","","","","","","","","","","","","","","","","","","","","","","","","","","","","","","","","","","","","","","","","","","","","","","","","","","","","","",""
"ê´ï ãÊï™","0","","","íjê´","","","","","","","","","","","","","","","","","","","","","","","","","","","","","0","","","","","","","","","","","","","","","","","","","","","","","","","","","","","","","","","","","","","","","","","","","","","","","","","","","","","","","","","","","","","","","","","","","","","","","","","","","","","","","","","","","","","","","","","","","","","","","","","","","","","","","","","","","","","","","","",""
"åŸópãÊï™","5","ñàı","15","","","","","","","","","","","","","","","","","","","","","","","","","","","","","","","ì˙ïtéwíË","","","","","","","","","","","","","","","","","","","","","","","","","","","","","","","","","","","","","","","","","","","","","","","","","","","","","","","","","","","","","","","","","","","","","","","","","","","","","","","","","","","","","","","","","","","","","","","","","","","","","","","","","","","","","","","",""
"åŸópãÊï™","6","â^ëó","25","","","","","","","","","","","","","","","","","","","","","","","","","","","","","","","ì˙ïtéwíË","","","","","","","","","","","","","","","","","","","","","","","","","","","","","","","","","","","","","","","","","","","","","","","","","","","","","","","","","","","","","","","","","","","","","","","","","","","","","","","","","","","","","","","","","","","","","","","","","","","","","","","","","","","","","","","",""
"åŸópãÊï™","4","ãZî\é¿èKê∂","","","","","","","","","","","","","","","","","","","","","","","","","","","","","","","","åéññ","","","","","","","","","","","","","","","","","","","","","","","","","","","","","","","","","","","","","","","","","","","","","","","","","","","","","","","","","","","","","","","","","","","","","","","","","","","","","","","","","","","","","","","","","","","","","","","","","","","","","","","","","","","","","","","",""
"åŸópãÊï™","3","ÉpÅ[ÉgÉ^ÉCÉ}Å[","","","","","","","","","","","","","","","","","","","","","","","","","","","","","","","","åéññ","","","","","","","","","","","","","","","","","","","","","","","","","","","","","","","","","","","","","","","","","","","","","","","","","","","","","","","","","","","","","","","","","","","","","","","","","","","","","","","","","","","","","","","","","","","","","","","","","","","","","","","","","","","","","","","",""
"åŸópãÊï™","2","è˙ëıé–àı","25","","","","","","","","","","","","","","","","","","","","","","","","","","","","","","","ì˙ïtéwíË","","","","","","","","","","","","","","","","","","","","","","","","","","","","","","","","","","","","","","","","","","","","","","","","","","","","","","","","","","","","","","","","","","","","","","","","","","","","","","","","","","","","","","","","","","","","","","","","","","","","","","","","","","","","","","","",""
"åŸópãÊï™","1","å_ñÒé–àı","15","","","","","","","","","","","","","","","","","","","","","","","","","","","","","","","ì˙ïtéwíË","","","","","","","","","","","","","","","","","","","","","","","","","","","","","","","","","","","","","","","","","","","","","","","","","","","","","","","","","","","","","ããó^éxãã(å_)1","ããó^éxãã(å_)2","ããó^éxãã(å_)3","ããó^éxãã(å_)4","ããó^éxãã(å_)5","ããó^éxãã(å_)6","ããó^éxãã(å_)7","ããó^éxãã(å_)8","ããó^éxãã(å_)9","ããó^éxãã(å_)10","ããó^éxãã(å_)11","ããó^éxãã(å_)12","ããó^éxãã(å_)13","ããó^éxãã(å_)14","ããó^éxãã(å_)15","ããó^éxãã(å_)16","ããó^éxãã(å_)17","ããó^éxì‡(å_)1","ããó^éxì‡(å_)2","ããó^éxì‡(å_)3","ããó^éxì‡(å_)4","ããó^éxì‡(å_)5","ããó^éxì‡(å_)6","ããó^éxì‡(å_)7","ããó^éxì‡(å_)8","ããó^éxì‡(å_)9","ããó^éxì‡(å_)10","ããó^çTèú(å_)7","ããó^çTèú(å_)8","ããó^çTèú(å_)9","ããó^çTèú(å_)10","ããó^çTèú(å_)11","ããó^çTèú(å_)12","ããó^çTèú(å_)13","ããó^çTèú(å_)14","ããó^çTèú(å_)15","ããó^çTèú(å_)16","ããó^çTèú(å_)17","ããó^çTèú(å_)18","ããó^çTèú(å_)19","ããó^çTèú(å_)20","ããó^çTì‡(å_)1","ããó^çTì‡(å_)2","ããó^çTì‡(å_)3","ããó^çTì‡(å_)4","ããó^çTì‡(å_)5","ããó^çTì‡(å_)6","ããó^çTì‡(å_)7","ããó^çTì‡(å_)8","ããó^çTì‡(å_)9","ããó^çTì‡(å_)10",""
"åŸópãÊï™","0","ê≥é–àı","15","","","","","","","","","","","","","","","","","","","","","","","","","","","","","","01","ì˙ïtéwíË","","","","","","","","","","","","","","","","","","","","","","","","","","","","","","","","","","","","","","","","","","","","","","","","","","","","","","","","","","","","","ããó^éxãã(ê≥)1","ããó^éxãã(ê≥)2","ããó^éxãã(ê≥)3","ããó^éxãã(ê≥)4","ããó^éxãã(ê≥)5","ããó^éxãã(ê≥)6","ããó^éxãã(ê≥)7","ããó^éxãã(ê≥)8","ããó^éxãã(ê≥)9","ããó^éxãã(ê≥)10","ããó^éxãã(ê≥)11","ããó^éxãã(ê≥)12","ããó^éxãã(ê≥)13","ããó^éxãã(ê≥)14","ããó^éxãã(ê≥)15","ããó^éxãã(ê≥)16","ããó^éxãã(ê≥)17","ããó^éxì‡(ê≥)1","ããó^éxì‡(ê≥)2","ããó^éxì‡(ê≥)3","ããó^éxì‡(ê≥)4","ããó^éxì‡(ê≥)5","ããó^éxì‡(ê≥)6","ããó^éxì‡(ê≥)7","ããó^éxì‡(ê≥)8","ããó^éxì‡(ê≥)9","ããó^éxì‡(ê≥)10","ããó^çTèú(ê≥)7","ããó^çTèú(ê≥)8","ããó^çTèú(ê≥)9","ããó^çTèú(ê≥)10","ããó^çTèú(ê≥)11","ããó^çTèú(ê≥)12","ããó^çTèú(ê≥)13","ããó^çTèú(ê≥)14","ããó^çTèú(ê≥)15","ããó^çTèú(ê≥)16","ããó^çTèú(ê≥)17","ããó^çTèú(ê≥)18","ããó^çTèú(ê≥)19","ããó^çTèú(ê≥)20","ããó^çTì‡(ê≥)1","ããó^çTì‡(ê≥)2","ããó^çTì‡(ê≥)3","ããó^çTì‡(ê≥)4","ããó^çTì‡(ê≥)5","ããó^çTì‡(ê≥)6","ããó^çTì‡(ê≥)7","ããó^çTì‡(ê≥)8","ããó^çTì‡(ê≥)9","ããó^çTì‡(ê≥)10",""
"ããó^å`ë‘","3","","","","","","","","","","","","","","","","","","","","","","","","","","","","","","","","","","","","","","","","","","","","","","","","","","","","","","","","","ãGêﬂêß","","","","","","","","","","","","","","","","","","","","","","","","","","","","","","","","","","","","","","","","","","","","","","","","","","","","","","","","","","","","","","","","","","","","","","","","","","","","","","","","","","","","","","","",""
"ããó^å`ë‘","2","","","","","","","","","","","","","","","","","","","","","","","","","","","","","","","","","","","","","","","","","","","","","","","","","","","","","","","","","åéããêß","","","","","","","","","","","","","","","","","","","","","","","","","","","","","","","","","","","","","","","","","","","","","","","","","","","","","","","","","","","","","","","","","","","","","","","","","","","","","","","","","","","","","","","",""
"ããó^å`ë‘","1","","","","","","","","","","","","","","","","","","","","","","","","","","","","","","","","","","","","","","","","","","","","","","","","","","","","","","","","","éûããêß","","","","","","","","","","","","","","","","","","","","","","","","","","","","","","","","","","","","","","","","","","","","","","","","","","","","","","","","","","","","","","","","","","","","","","","","","","","","","","","","","","","","","","","",""
"ããó^ñæç◊","11","","","","","","","","","","","","","","","","","","","","","","","","","","","","","","","","","","","","","","","","","","","","","","","","","","","","","","","","","","","","","","","","","","","","","","","","êEéÌéËìñ","èäíËì‡","Åi140éûä‘ï™Åj","","","","","","","","","","","","","","","","","","","","","","","","","","","","","","","","","","","","","","","","","","","","","","","","","","","","","","","","","","","","","","","","","","","","","","",""
"ããó^ñæç◊","9","","","","","","","","","","","","","","","","","","","","","","","","","","","","","","","","","","","","","","","","","","","","","","","","","","","","","","","","","","","","","","","","","","","","","","","","DCèßó„ã‡","èäíËäO","Åiå¬êlå^401Kâ¡ì¸ÇÃé“Åj","","","","","","","","","","","","","","","","","","","","","","","","","","","","","","","","","","","","","","","","","","","","","","","","","","","","","","","","","","","","","","","","","","","","","","",""
"ããó^ñæç◊","3","","","","","","","","","","","","","","","","","","","","","","","","","","","","","","","","","","","","","","","","","","","","","","","","","","","","","","","","","","","","","","","","","","","","","","","","í ãŒéËìñ","èäíËäO","Åi1ÉñåéÇÃíËä˙ë„ÅFè„å¿ÇRñúâ~Åj","","","","","","","","","","","","","","","","","","","","","","","","","","","","","","","","","","","","","","","","","","","","","","","","","","","","","","","","","","","","","","","","","","","","","","",""
"ããó^ñæç◊","8","","","","","","","","","","","","","","","","","","","","","","","","","","","","","","","","","","","","","","","","","","","","","","","","","","","","","","","","","","","","","","","","","","","","","","","","ä«óùäƒì¬é“éËìñ","èäíËäO","Åiñ@íËì‡20éûä‘ï™ÅEñ@íËäO24éûä‘ï™Åj","","","","","","","","","","","","","","","","","","","","","","","","","","","","","","","","","","","","","","","","","","","","","","","","","","","","","","","","","","","","","","","","","","","","","","",""
"ããó^ñæç◊","10","","","","","","","","","","","","","","","","","","","","","","","","","","","","","","","","","","","","","","","","","","","","","","","","","","","","","","","","","","","","","","","","","","","","","","","","í≤êÆéËìñ","èäíËì‡","Åi140éûä‘ï™Åj","","","","","","","","","","","","","","","","","","","","","","","","","","","","","","","","","","","","","","","","","","","","","","","","","","","","","","","","","","","","","","","","","","","","","","",""
"ããó^ñæç◊","6","","","","","","","","","","","","","","","","","","","","","","","","","","","","","","","","","","","","","","","","","","","","","","","","","","","","","","","","","","","","","","","","","","","","","","","","åoå±éËìñ","èäíËì‡","Åi140éûä‘ï™Åj","","","","","","","","","","","","","","","","","","","","","","","","","","","","","","","","","","","","","","","","","","","","","","","","","","","","","","","","","","","","","","","","","","","","","","",""
"ããó^ñæç◊","5","","","","","","","","","","","","","","","","","","","","","","","","","","","","","","","","","","","","","","","","","","","","","","","","","","","","","","","","","","","","","","","","","","","","","","","","éëäiéËìñ","èäíËì‡","Åi140éûä‘ï™Åj","","","","","","","","","","","","","","","","","","","","","","","","","","","","","","","","","","","","","","","","","","","","","","","","","","","","","","","","","","","","","","","","","","","","","","",""
"ããó^ñæç◊","4","","","","","","","","","","","","","","","","","","","","","","","","","","","","","","","","","","","","","","","","","","","","","","","","","","","","","","","","","","","","","","","","","","","","","","","","ñêEéËìñ","èäíËì‡","Åi140éûä‘ï™Åj","","","","","","","","","","","","","","","","","","","","","","","","","","","","","","","","","","","","","","","","","","","","","","","","","","","","","","","","","","","","","","","","","","","","","","",""
"ããó^ñæç◊","7","","","","","","","","","","","","","","","","","","","","","","","","","","","","","","","","","","","","","","","","","","","","","","","","","","","","","","","","","","","","","","","","","","","","","","","","êEî\éËìñ","èäíËì‡","Åi140éûä‘ï™Åj","","","","","","","","","","","","","","","","","","","","","","","","","","","","","","","","","","","","","","","","","","","","","","","","","","","","","","","","","","","","","","","","","","","","","","",""
"ããó^ñæç◊","1","","","","","","","","","","","","","","","","","","","","","","","","","","","","","","","","","","","","","","","","","","","","","","","","","","","","","","","","","","","","","","","","","","","","","","","","äÓñ{ãã","èäíËì‡","Åi140éûä‘ï™Åj","","","","","","","","","","","","","","","","","","","","","","","","","","","","","","","","","","","","","","","","","","","","","","","","","","","","","","","","","","","","","","","","","","","","","","",""
"ããó^ñæç◊","2","","","","","","","","","","","","","","","","","","","","","","","","","","","","","","","","","","","","","","","","","","","","","","","","","","","","","","","","","","","","","","","","","","","","","","","","éûä‘ãã","èäíËì‡","ÅiéûããíPâøÅ~èäíËãŒñ±éûä‘Åj","","","","","","","","","","","","","","","","","","","","","","","","","","","","","","","","","","","","","","","","","","","","","","","","","","","","","","","","","","","","","","","","","","","","","","",""
"ãŒñ±ãÊï™","1","","","","","","","","","","","","","","","","","","","","","","","","","","","","","","","","","","","","","","","","","","","","","","","","","","","","","","","","ÉtÉãÉ^ÉCÉÄ","","","","","","","","","","","","","","","","","","","","","","","","","","","","","","","","","","","","","","","","","","","","","","","","","","","","","","","","","","","","","","","","","","","","","","","","","","","","","","","","","","","","","","","","",""
"ãŒñ±ãÊï™","2","","","","","","","","","","","","","","","","","","","","","","","","","","","","","","","","","","","","","","","","","","","","","","","","","","","","","","","","ÉpÅ[ÉgÉ^ÉCÉÄ","","","","","","","","","","","","","","","","","","","","","","","","","","","","","","","","","","","","","","","","","","","","","","","","","","","","","","","","","","","","","","","","","","","","","","","","","","","","","","","","","","","","","","","","",""
"ãŒñ±ãÊï™","3","","","","","","","","","","","","","","","","","","","","","","","","","","","","","","","","","","","","","","","","","","","","","","","","","","","","","","","","ÉnÅ[ÉtÉ^ÉCÉÄ","","","","","","","","","","","","","","","","","","","","","","","","","","","","","","","","","","","","","","","","","","","","","","","","","","","","","","","","","","","","","","","","","","","","","","","","","","","","","","","","","","","","","","","","",""
"ãŒñ±ín","13","","","","","","","","","","","","","","","","","","","","","","","","","","","","","","","","","","","","","","","","","","","","","","","","","","","","","","ñºå√âÆÉTÉeÉâÉCÉg","","","","","","","","","","","","","","","","","","","","","","","","","","","","","","","","","","","","","","","","","","","","","","","","","","","","","","","","","","","","","","","","","","","","","","","","","","","","","","","","","","","","","","","","","","",""
"ãŒñ±ín","12","","","","","","","","","","","","","","","","","","","","","","","","","","","","","","","","","","","","","","","","","","","","","","","","","","","","","","êÂë‰ÉTÉeÉâÉCÉg","","","","","","","","","","","","","","","","","","","","","","","","","","","","","","","","","","","","","","","","","","","","","","","","","","","","","","","","","","","","","","","","","","","","","","","","","","","","","","","","","","","","","","","","","","",""
"ãŒñ±ín","11","","","","","","","","","","","","","","","","","","","","","","","","","","","","","","","","","","","","","","","","","","","","","","","","","","","","","","ïüâ™ÉTÉeÉâÉCÉg","","","","","","","","","","","","","","","","","","","","","","","","","","","","","","","","","","","","","","","","","","","","","","","","","","","","","","","","","","","","","","","","","","","","","","","","","","","","","","","","","","","","","","","","","","",""
"ãŒñ±ín","2","","","","","","","","","","","","","","","","","","","","","","","","","","","","","","","","","","","","","","","","","","","","","","","","","","","","","","ëÂç„ñ{é–","","","","","","","","","","","","","","","","","","","","","","","","","","","","","","","","","","","","","","","","","","","","","","","","","","","","","","","","","","","","","","","","","","","","","","","","","","","","","","","","","","","","","","","","","","",""
"ãŒñ±ín","1","","","","","","","","","","","","","","","","","","","","","","","","","","","","","","","","","","","","","","","","","","","","","","","","","","","","","","ìåãûéxïî","","","","","","","","","","","","","","","","","","","","","","","","","","","","","","","","","","","","","","","","","","","","","","","","","","","","","","","","","","","","","","","","","","","","","","","","","","","","","","","","","","","","","","","","","","",""
"å_ñÒãÊï™","4","","","","","","","","","","","","","","","","","","","","","","","","","","","","","","","","","","","","","","","ÉAÉãÉoÉCÉg","","","","00:00","00:00","00:00","","","","","","","","","","","","","","","","","","","","","","","","","","","","","","","","","","","","","","","","","","","","","","","","","","","","","","","","","","","","","","","","","","","","","","","","","","","","","","","","","","","","","","","","","","","","","","","","","","","",""
"å_ñÒãÊï™","3","","","","","","","","","","","","","","","","","","","","","","","","","","","","","","","","","","","","","","","ÉpÅ[ÉgÉ^ÉCÉÄ","","","","","","","","","","","","","","","","","","","","","","","","","","","","","","","","","","","","","","","","","","","","","","","","","","","","","","","","","","","","","","","","","","","","","","","","","","","","","","","","","","","","","","","","","","","","","","","","","","","","","","","","","",""
"å_ñÒãÊï™","2","","","","","","","","","","","","","","","","","","","","","","","","","","","","","","","","","","","","","","","å_ñÒé–àı","","","","","","","ÇUÇ©åéåpë±ãŒñ±ÇµÇΩèÍçáÅAÇPÇO ì˙Çïtó^Ç∑ÇÈÅB","","","","","","","","","","","","","","","","","","","","","","","","","","","","","","","","","","","","","","","","","","","","","","","","","","","","","","","","","","","","","","","","","","","","","","","","","","","","","","","","","","","","","","","","","","","","","","","","","","",""
"å_ñÒãÊï™","1","","","","","","","","","","","","","","","","","","","","","","","","","","","","","","","","","","","","","","","ê≥é–àı","07:00","09:00","","01:00","12:00","13:00","ÇUÇ©åéåpë±ãŒñ±ÇµÇΩèÍçáÅAÇPÇO ì˙Çïtó^Ç∑ÇÈÅB","íËó·ì˙ÅFñàèTìyÅEì˙ójÅAçëñØÇÃèjì˙ÅAîNññîNénÅAâƒãG","âÔé–Ç™èßó„ÇµÇΩéëäiÇÃééå±ì˙ÅAåíçNêfífì˙ÅAâƒãGãxâ…","ìäï[Ç…çsÇ¡ÇΩì˙ÅAâÔé–Ç™èßó„ÇµÇΩéëäià»äOÇÃéëäiééå±ì˙","èäíËéûä‘äOÅAñ@íËí¥Åi ÇQÇT ÅjÅìÅAèäíËí¥Åi ÇQÇO ÅjÅìÅA
ãxì˙ ñ@íËãxì˙Åi ÇRÇT ÅjÅìÅAñ@íËäOãxì˙Åi ÇQÇT ÅjÅìÅA
ê[ñÈÅi ÇQÇT ÅjÅì","íËîNêß ÅF 60çŒ
é©å»ìsçáëﬁêEÇÃéËë± ÅF ëﬁêEÇ∑ÇÈ ÇPÇS ì˙à»è„ëOÇ…ìÕÇØèoÇÈÇ±Ç∆","é–âÔï€åØÇÃâ¡ì¸èÛãµ ÅF å˙ê∂îNã‡ åíçNï€åØ å˙ê∂îNã‡äÓã‡
åŸópï€åØÇÃìKóp ÅF óL
ÇªÇÃëº ÅF Ç±ÇÃèåèÇ…ïœçXÅiè∏ããÅAîzíuì]ä∑ÅjÇ™Ç†Ç¡ÇΩèÍçáÇÕï ìrâÔé–ãKíËÇÃí ímÇ…Çƒèëñ åïtÇ∑ÇÈÅB
","í¿ã‡í˜êÿì˙ ÅF ñàåé ññì˙
í¿ã‡éxï•ì˙ ÅF óÇåé ÇPÇOì˙
í¿ã‡ÇÃéxï•ï˚ñ@ ÅF ñ{êlÇ™éwíËÇ∑ÇÈå˚ç¿Ç…êUÇËçûÇﬁ ","","","","","","","","","","","","","","","","","","","","","","","","","","","","","","","","","","","","","","","","","","","","","","","","","","","","","","","","","","","","","","","","","","","","","","","","","","","","","","","","","","","","","","","","","","","",""
"ç≈èIäwó","6","","","","","","","","","","","","","","","","","","","","","","","","","","","","","","","","","","","","","íÜäwçZ","","","","","","","","","","","","","","","","","","","","","","","","","","","","","","","","","","","","","","","","","","","","","","","","","","","","","","","","","","","","","","","","","","","","","","","","","","","","","","","","","","","","","","","","","","","","","","","","","","","","","","","","","","","",""
"ç≈èIäwó","5","","","","","","","","","","","","","","","","","","","","","","","","","","","","","","","","","","","","","çÇìôäwçZ","","","","","","","","","","","","","","","","","","","","","","","","","","","","","","","","","","","","","","","","","","","","","","","","","","","","","","","","","","","","","","","","","","","","","","","","","","","","","","","","","","","","","","","","","","","","","","","","","","","","","","","","","","","",""
"ç≈èIäwó","4","","","","","","","","","","","","","","","","","","","","","","","","","","","","","","","","","","","","","çÇìôêÍñÂäwçZ","","","","","","","","","","","","","","","","","","","","","","","","","","","","","","","","","","","","","","","","","","","","","","","","","","","","","","","","","","","","","","","","","","","","","","","","","","","","","","","","","","","","","","","","","","","","","","","","","","","","","","","","","","","",""
"ç≈èIäwó","3","","","","","","","","","","","","","","","","","","","","","","","","","","","","","","","","","","","","","êÍñÂäwçZ","","","","","","","","","","","","","","","","","","","","","","","","","","","","","","","","","","","","","","","","","","","","","","","","","","","","","","","","","","","","","","","","","","","","","","","","","","","","","","","","","","","","","","","","","","","","","","","","","","","","","","","","","","","",""
"ç≈èIäwó","2","","","","","","","","","","","","","","","","","","","","","","","","","","","","","","","","","","","","","ëÂäw","","","","","","","","","","","","","","","","","","","","","","","","","","","","","","","","","","","","","","","","","","","","","","","","","","","","","","","","","","","","","","","","","","","","","","","","","","","","","","","","","","","","","","","","","","","","","","","","","","","","","","","","","","","",""
"ç≈èIäwó","1","","","","","","","","","","","","","","","","","","","","","","","","","","","","","","","","","","","","","ëÂäwâ@","","","","","","","","","","","","","","","","","","","","","","","","","","","","","","","","","","","","","","","","","","","","","","","","","","","","","","","","","","","","","","","","","","","","","","","","","","","","","","","","","","","","","","","","","","","","","","","","","","","","","","","","","","","",""
"ç≈èIäwó","7","","","","","","","","","","","","","","","","","","","","","","","","","","","","","","","","","","","","","íZä˙ëÂäw","","","","","","","","","","","","","","","","","","","","","","","","","","","","","","","","","","","","","","","","","","","","","","","","","","","","","","","","","","","","","","","","","","","","","","","","","","","","","","","","","","","","","","","","","","","","","","","","","","","","","","","","","","","",""
"ç≈èIäwóèÛãµ","","","","","","","","","","","","","","","","","","","","","","","","","","","","","","","","","","","","","","","ë≤ã∆","","","","","","","","","","","","","","","","","","","","","","","","","","","","","","","","","","","","","","","","","","","","","","","","","","","","","","","","","","","","","","","","","","","","","","","","","","","","","","","","","","","","","","","","","","","","","","","","","","","","","","","","","","",""
"ç≈èIäwóèÛãµ","","","","","","","","","","","","","","","","","","","","","","","","","","","","","","","","","","","","","","","ëﬁäw","","","","","","","","","","","","","","","","","","","","","","","","","","","","","","","","","","","","","","","","","","","","","","","","","","","","","","","","","","","","","","","","","","","","","","","","","","","","","","","","","","","","","","","","","","","","","","","","","","","","","","","","","","",""
"ç≈èIäwóèÛãµ","","","","","","","","","","","","","","","","","","","","","","","","","","","","","","","","","","","","","","","ç›äwíÜ","","","","","","","","","","","","","","","","","","","","","","","","","","","","","","","","","","","","","","","","","","","","","","","","","","","","","","","","","","","","","","","","","","","","","","","","","","","","","","","","","","","","","","","","","","","","","","","","","","","","","","","","","","",""
"çÃópåoòH","2","","","","","","","","","","","","","","","","","","","","","","","","","","","","","","","","","","","","ÉGÉìÉWÉÉÉpÉì","","","","","","","","","","","","","","","","","","","","","","","","","","","","","","","","","","","","","","","","","","","","","","","","","","","","","","","","","","","","","","","","","","","","","","","","","","","","","","","","","","","","","","","","","","","","","","","","","","","","","","","","","","","","",""
"çÃópåoòH","3","","","","","","","","","","","","","","","","","","","","","","","","","","","","","","","","","","","","ÉnÉçÅ[ÉèÅ[ÉN","","","","","","","","","","","","","","","","","","","","","","","","","","","","","","","","","","","","","","","","","","","","","","","","","","","","","","","","","","","","","","","","","","","","","","","","","","","","","","","","","","","","","","","","","","","","","","","","","","","","","","","","","","","","",""
"çÃópåoòH","1","","","","","","","","","","","","","","","","","","","","","","","","","","","","","","","","","","","","íºê⁄","","","","","","","","","","","","","","","","","","","","","","","","","","","","","","","","","","","","","","","","","","","","","","","","","","","","","","","","","","","","","","","","","","","","","","","","","","","","","","","","","","","","","","","","","","","","","","","","","","","","","","","","","","","","",""
"çÃópåoòH","4","","","","","","","","","","","","","","","","","","","","","","","","","","","","","","","","","","","","ÉÅÉfÉBÉAÅEBIZREACH","","","","","","","","","","","","","","","","","","","","","","","","","","","","","","","","","","","","","","","","","","","","","","","","","","","","","","","","","","","","","","","","","","","","","","","","","","","","","","","","","","","","","","","","","","","","","","","","","","","","","","","","","","","","",""
"çÃópåoòH","5","","","","","","","","","","","","","","","","","","","","","","","","","","","","","","","","","","","","êlçﬁè–âÓÅEÉCÉìÉeÉäÉWÉFÉìÉX","","","","","","","","","","","","","","","","","","","","","","","","","","","","","","","","","","","","","","","","","","","","","","","","","","","","","","","","","","","","","","","","","","","","","","","","","","","","","","","","","","","","","","","","","","","","","","","","","","","","","","","","","","","","",""
"çÃópåoòH","6","","","","","","","","","","","","","","","","","","","","","","","","","","","","","","","","","","","","êlçﬁè–âÓÅEÉeÉìÉvÉXÉ^ÉbÉt","","","","","","","","","","","","","","","","","","","","","","","","","","","","","","","","","","","","","","","","","","","","","","","","","","","","","","","","","","","","","","","","","","","","","","","","","","","","","","","","","","","","","","","","","","","","","","","","","","","","","","","","","","","","",""
"çÃópåoòH","0","","","","","","","","","","","","","","","","","","","","","","","","","","","","","","","","","","","","êVë≤çÃóp","","","","","","","","","","","","","","","","","","","","","","","","","","","","","","","","","","","","","","","","","","","","","","","","","","","","","","","","","","","","","","","","","","","","","","","","","","","","","","","","","","","","","","","","","","","","","","","","","","","","","","","","","","","","",""
"èäëÆïîèê","402","","","","","","","","","","","","","","","","","","","","","","","","","","","","","","","","","","","","","","","","","","","","","","","","","","","","","","","","","","","","","402","äJî≠ïîëÊìÒäJî≠â€","","äJî≠ïî","","ëÊìÒäJî≠â€","","","","","1200","","","","","","","","","","","","","","","","","","","","","","","","","","","","","","","","","","","","","","","","","","","","","","","","","","","","","","","","","","","","","","","","","","","","","","","","","",""
"èäëÆïîèê","401","","","","","","","","","","","","","","","","","","","","","","","","","","","","","","","","","","","","","","","","","","","","","","","","","","","","","","","","","","","","","401","äJî≠ïîëÊàÍäJî≠â€","","äJî≠ïî","","ëÊàÍäJî≠â€","","","","","1200","","","","","","","","","","","","","","","","","","","","","","","","","","","","","","","","","","","","","","","","","","","","","","","","","","","","","","","","","","","","","","","","","","","","","","","","","",""
"èäëÆïîèê","400","","","","","","","","","","","","","","","","","","","","","","","","","","","","","","","","","","","","","","","","","","","","","","","","","","","","","","","","","","[ÉeÉXÉg]é–ì‡êªïiÅõÅõÇÃäJî≠ÇíÜêSÇ…ã∆ñ±Çé¿é{ÅB","","","400","äJî≠ïî","","äJî≠ïî","","","","","","","1200","","","","","","","","","","","","","","","","","","","","","","","","","","","","","","","","","","","","","","","","","","","","","","","","","","","","","","","","","","","","","","","","","","","","","","","","","",""
"èäëÆïîèê","100","","","","","","","","","","","","","","","","","","","","","","","","","","","","","","","","","","","","","","","","","","","","","","","","","","","","","","","","","","","","","100","ä«óùïî","","ä«óùïî","","","","","","","1200","","","","","","","","","","","","","","","","","","","","","","","","","","","","","","","","","","","","","","","","","","","","","","","","","","","","","","","","","","","","","","","","","","","","","","","","","",""
"èäëÆïîèê","102","","","","","","","","","","","","","","","","","","","","","","","","","","","","","","","","","","","","","","","","","","","","","","","","","","","","","","","","","","","","","102","ä«óùïîåoóùâ€","","ä«óùïî","","åoóùâ€","","","","","1700","","","","","","","","","","","","","","","","","","","","","","","","","","","","","","","","","","","","","","","","","","","","","","","","","","","","","","","","","","","","","","","","","","","","","","","","","",""
"èäëÆïîèê","101","","","","","","","","","","","","","","","","","","","","","","","","","","","","","","","","","","","","","","","","","","","","","","","","","","","","","","","","","","","","","101","ä«óùïîëçñ±â€","","ä«óùïî","","ëçñ±â€","","","","","1500","","","","","","","","","","","","","","","","","","","","","","","","","","","","","","","","","","","","","","","","","","","","","","","","","","","","","","","","","","","","","","","","","","","","","","","","","",""
"èäëÆïîèê","303","","","","","","","","","","","","","","","","","","","","","","","","","","","","","","","","","","","","","","","","","","","","","","","","","","","","","","","","","","","","","303","âcã∆ïîìåì˙ñ{âcã∆â€ëÊìÒâcã∆","","âcã∆ïî","","ìåì˙ñ{âcã∆â€","","303 ëÊìÒâcã∆","","","1400","","","","","","","","","","","","","","","","","","","","","","","","","","","","","","","","","","","","","","","","","","","","","","","","","","","","","","","","","","","","","","","","","","","","","","","","","",""
"èäëÆïîèê","302","","","","","","","","","","","","","","","","","","","","","","","","","","","","","","","","","","","","","","","","","","","","","","","","","","","","","","","","","","","","","302","âcã∆ïîìåì˙ñ{âcã∆â€ëÊàÍâcã∆","","âcã∆ïî","","ìåì˙ñ{âcã∆â€","","302 ëÊàÍâcã∆","","","1400","","","","","","","","","","","","","","","","","","","","","","","","","","","","","","","","","","","","","","","","","","","","","","","","","","","","","","","","","","","","","","","","","","","","","","","","","",""
"èäëÆïîèê","300","","","","","","","","","","","","","","","","","","","","","","","","","","","","","","","","","","","","","","","","","","","","","","","","","","","","","","","","","","","","","300","âcã∆ïî","","âcã∆ïî","","","","","","","1200","","","","","","","","","","","","","","","","","","","","","","","","","","","","","","","","","","","","","","","","","","","","","","","","","","","","","","","","","","","","","","","","","","","","","","","","","",""
"èäëÆïîèê","311","","","","","","","","","","","","","","","","","","","","","","","","","","","","","","","","","","","","","","","","","","","","","","","","","","","","","","","","","","","","","311","âcã∆ïîêºì˙ñ{âcã∆â€","","âcã∆ïî","","êºì˙ñ{âcã∆â€","","","","","1300","","","","","","","","","","","","","","","","","","","","","","","","","","","","","","","","","","","","","","","","","","","","","","","","","","","","","","","","","","","","","","","","","","","","","","","","","",""
"èäëÆïîèê","301","","","","","","","","","","","","","","","","","","","","","","","","","","","","","","","","","","","","","","","","","","","","","","","","","","","","","","","","","","","","","301","âcã∆ïîìåì˙ñ{âcã∆â€","","âcã∆ïî","","ìåì˙ñ{âcã∆â€","","","","","1400","","","","","","","","","","","","","","","","","","","","","","","","","","","","","","","","","","","","","","","","","","","","","","","","","","","","","","","","","","","","","","","","","","","","","","","","","",""
"èäëÆïîèê","201","","","","","","","","","","","","","","","","","","","","","","","","","","","","","","","","","","","","","","","","","","","","","","","","","","","","","","","","","","","","","201","äÈâÊïîäÈâÊâ€","","äÈâÊïî","","äÈâÊâ€","","","","","1600","","","","","","","","","","","","","","","","","","","","","","","","","","","","","","","","","","","","","","","","","","","","","","","","","","","","","","","","","","","","","","","","","","","","","","","","","",""
"èäëÆïîèê","103","","","","","","","","","","","","","","","","","","","","","","","","","","","","","","","","","","","","","","","","","","","","","","","","","","","","","","","","","","","","","103","ä«óùïîêléñâ€","","ä«óùïî","","êléñâ€","","","","","1500","","","","","","","","","","","","","","","","","","","","","","","","","","","","","","","","","","","","","","","","","","","","","","","","","","","","","","","","","","","","","","","","","","","","","","","","","",""
"ì¸é–ãÊï™","2","","","","","","","","","","","","","","","","","","","","","","","","","","","","","","","","","","","íÜìr","","","","","","","","","","","","","","","","","","","","","","","","","","","","","","","","","","","","","","","","","","","","","","","","","","","","","","","","","","","","","","","","","","","","","","","","","","","","","","","","","","","","","","","","","","","","","","","","","","","","","","","","","","","","","",""
"ì¸é–ãÊï™","1","","","","","","","","","","","","","","","","","","","","","","","","","","","","","","","","","","","êVë≤","","","","","","","","","","","","","","","","","","","","","","","","","","","","","","","","","","","","","","","","","","","","","","","","","","","","","","","","","","","","","","","","","","","","","","","","","","","","","","","","","","","","","","","","","","","","","","","","","","","","","","","","","","","","","",""
"ñêEãÊï™","99","","","","","","","","","","","","","","","","","","","","","","","","","","","","","","","","","","","","","","","","","","","","","","","","","","","","","","","àÍî ","","","","","","","","","","","","","","","","","","","","","","","","","","","","","","","","","","","","","","","","","","","","","","","","","","","","","","","","","","","","","","","","","","","","","","","","","","","","","","","","","","","","","","","","","",""
"ñêEãÊï™","5","","","","","","","","","","","","","","","","","","","","","","","","","","","","","","","","","","","","","","","","","","","","","","","","","","","","","","","åWí∑","","","","","","","","","","","","","","","","","","","","","","","","","","","","","","","","","","","","","","","","","","","","","","","","","","","","","","","","","","","","","","","","","","","","","","","","","","","","","","","","","","","","","","","","","",""
"ñêEãÊï™","4","","","","","","","","","","","","","","","","","","","","","","","","","","","","","","","","","","","","","","","","","","","","","","","","","","","","","","","â€í∑","","","","","","","","","","","","","","","","","","","","","","","","","","","","","","","","","","","","","","","","","","","","","","","","","","","","","","","","","","","","","","","","","","","","","","","","","","","","","","","","","","","","","","","","","",""
"ñêEãÊï™","3","","","","","","","","","","","","","","","","","","","","","","","","","","","","","","","","","","","","","","","","","","","","","","","","","","","","","","","ïîí∑","","","","","","","","","","","","","","","","","","","","","","","","","","","","","","","","","","","","","","","","","","","","","","","","","","","","","","","","","","","","","","","","","","","","","","","","","","","","","","","","","","","","","","","","","",""
"ñêEãÊï™","2","","","","","","","","","","","","","","","","","","","","","","","","","","","","","","","","","","","","","","","","","","","","","","","","","","","","","","","éÊí˜ñ","","","","","","","","","","","","","","","","","","","","","","","","","","","","","","","","","","","","","","","","","","","","","","","","","","","","","","","","","","","","","","","","","","","","","","","","","","","","","","","","","","","","","","","","","",""
"ñêEãÊï™","1","","","","","","","","","","","","","","","","","","","","","","","","","","","","","","","","","","","","","","","","","","","","","","","","","","","","","","","ë„ï\éÊí˜ñé–í∑","","","","","","","","","","","","","","","","","","","","","","","","","","","","","","","","","","","","","","","","","","","","","","","","","","","","","","","","","","","","","","","","","","","","","","","","","","","","","","","","","","","","","","","","","",""
"ñêEãÊï™","6","","","","","","","","","","","","","","","","","","","","","","","","","","","","","","","","","","","","","","","","","","","","","","","","","","","","","","","éÂîC","","","","","","","","","","","","","","","","","","","","","","","","","","","","","","","","","","","","","","","","","","","","","","","","","","","","","","","","","","","","","","","","","","","","","","","","","","","","","","","","","","","","","","","","","",""
"âûïÂêEéÌ","","","","","","","","","","","","","","","","","","","","","","","","","","","","","","","","","","","âcã∆ï‚ç≤","","","","","","","","","","","","","","","","","","","","","","","","","","","","","","","","","","","","","","","","","","","","","","","","","","","","","","","","","","","","","","","","","","","","","","","","","","","","","","","","","","","","","","","","","","","","","","","","","","","","","","","","","","","","","","",""
"âûïÂêEéÌ","","","","","","","","","","","","","","","","","","","","","","","","","","","","","","","","","","","âcã∆","","","","","","","","","","","","","","","","","","","","","","","","","","","","","","","","","","","","","","","","","","","","","","","","","","","","","","","","","","","","","","","","","","","","","","","","","","","","","","","","","","","","","","","","","","","","","","","","","","","","","","","","","","","","","","",""
"âûïÂêEéÌ","","","","","","","","","","","","","","","","","","","","","","","","","","","","","","","","","","","HR","","","","","","","","","","","","","","","","","","","","","","","","","","","","","","","","","","","","","","","","","","","","","","","","","","","","","","","","","","","","","","","","","","","","","","","","","","","","","","","","","","","","","","","","","","","","","","","","","","","","","","","","","","","","","","",""
"âûïÂêEéÌ","","","","","","","","","","","","","","","","","","","","","","","","","","","","","","","","","","","PGM","","","","","","","","","","","","","","","","","","","","","","","","","","","","","","","","","","","","","","","","","","","","","","","","","","","","","","","","","","","","","","","","","","","","","","","","","","","","","","","","","","","","","","","","","","","","","","","","","","","","","","","","","","","","","","",""
"âûïÂêEéÌ","","","","","","","","","","","","","","","","","","","","","","","","","","","","","","","","","","","PG","","","","","","","","","","","","","","","","","","","","","","","","","","","","","","","","","","","","","","","","","","","","","","","","","","","","","","","","","","","","","","","","","","","","","","","","","","","","","","","","","","","","","","","","","","","","","","","","","","","","","","","","","","","","","","",""
"âûïÂêEéÌ","","","","","","","","","","","","","","","","","","","","","","","","","","","","","","","","","","","SE","","","","","","","","","","","","","","","","","","","","","","","","","","","","","","","","","","","","","","","","","","","","","","","","","","","","","","","","","","","","","","","","","","","","","","","","","","","","","","","","","","","","","","","","","","","","","","","","","","","","","","","","","","","","","","",""
"åí éËíi","4","","","","","","","","","","","","","","","","","","","","","","","","","","","","","","","","","","","","","","","","","","","","","","","","","","","","","","","","","","","","","","","","","","","","","","","","","","","ÉoÉCÉN","","","","","","","","","","","","","","","","","","","","","","","","","","","","","","","","","","","","","","","","","","","","","","","","","","","","","","","","","","","","","","","","","","","","","",""
"åí éËíi","5","","","","","","","","","","","","","","","","","","","","","","","","","","","","","","","","","","","","","","","","","","","","","","","","","","","","","","","","","","","","","","","","","","","","","","","","","","","é©ì]é‘","","","","","","","","","","","","","","","","","","","","","","","","","","","","","","","","","","","","","","","","","","","","","","","","","","","","","","","","","","","","","","","","","","","","","",""
"åí éËíi","3","","","","","","","","","","","","","","","","","","","","","","","","","","","","","","","","","","","","","","","","","","","","","","","","","","","","","","","","","","","","","","","","","","","","","","","","","","","é©â∆ópé‘","","","","","","","","","","","","","","","","","","","","","","","","","","","","","","","","","","","","","","","","","","","","","","","","","","","","","","","","","","","","","","","","","","","","","",""
"åí éËíi","2","","","","","","","","","","","","","","","","","","","","","","","","","","","","","","","","","","","","","","","","","","","","","","","","","","","","","","","","","","","","","","","","","","","","","","","","","","","ÉoÉX","","","","","","","","","","","","","","","","","","","","","","","","","","","","","","","","","","","","","","","","","","","","","","","","","","","","","","","","","","","","","","","","","","","","","",""
"åí éËíi","1","","","","","","","","","","","","","","","","","","","","","","","","","","","","","","","","","","","","","","","","","","","","","","","","","","","","","","","","","","","","","","","","","","","","","","","","","","","ìdé‘","","","","","","","","","","","","","","","","","","","","","","","","","","","","","","","","","","","","","","","","","","","","","","","","","","","","","","","","","","","","","","","","","","","","","",""
"é©é–èÓïÒ","","","","","","","","","","","","","","","","","","","","","","","","","","","","","","","","","","","","","","","","","","","","","","","","","","","","","","","","","","","","","","","","","","","","","","","","","","","","","ÉGÉÄÉUÉXè§éñäîéÆâÔé–","ÉGÉÄÉUÉXè§éñ","ÉGÉÄÉUÉXÉVÉáÉEÉWÅiÉJ","150-1111","ìåãûìsèaíJãÊñ{í¨ÇPÅ|ÇPÅ|ÇP","ÉgÉEÉLÉáÉEÉgÉVÉuÉÑÉNÉzÉìÉ`ÉáÉE","ë„ï\éÊí˜ñé–í∑","ÉGÉÄÉUÉXÅ@ÇÕÇ∂Çﬂ","050-3333-5555","","","ëçñ±ïîêléñâ€","03-1111-2222","","","","","","","","","","","","","","","","","","","","","","","","","","","","","","","","","","","","","","","","","","","","","","","","","","","","","","","","",""
"ÉâÉCÉZÉìÉXèÓïÒ","","","","","","","","","","","","","","","","","","","","","","","","","","","","","","","","","","","","","","","","","","","","","","","","","","","","","","","","","","","","","","","","","","","","","","","","","","","","","","","","","","","","","","","","","","","","","F3JApZwF_urMRBQAYgUL","xTdrtBgQCVeZAPwbMAK9YBGKcKhL8hsa8kGGM7ZG","","","","","","","","","","","","","","","","","","","","","","","","","","","","","","","","","","","","","","","","","","","","","","","","","","","",""
"êEéÌ","0","","","","","","","","","","","","","","","","","","","","","","","","","","","","","","","","","","","","","","","","","","","","","","","","","","","","","","","","","","","","","","","","","","","","","","","","","","","","","","","","","","","","","","","","","","","","","","","","","","","","","","","","","","","","","","","","","","","","","","","","","","","","","","","","","","","","","","","","","","","","","","","","","êléñ"
"êEéÌ","1","","","","","","","","","","","","","","","","","","","","","","","","","","","","","","","","","","","","","","","","","","","","","","","","","","","","","","","","","","","","","","","","","","","","","","","","","","","","","","","","","","","","","","","","","","","","","","","","","","","","","","","","","","","","","","","","","","","","","","","","","","","","","","","","","","","","","","","","","","","","","","","","","âcã∆"
